id,proper,mag,absmag,ci,x,y,z
0,Sol,-26.7,4.85,0.656,0.000005,0,0
122,,4.78,0.663,1.254,14.902031,0.103716,-64.888859
154,,4.37,-1.24,1.631,131.716394,1.126662,-13.877167
300,,4.55,-0.058,-0.047,79.670013,1.300177,-24.872663
355,,4.99,-4.044,1.619,630.150175,12.379991,-116.922329
441,,4.61,1.627,1.029,39.287997,0.914841,-3.927804
676,Alpheratz,2.07,-0.297,-0.038,25.974572,0.951042,14.461264
744,Caph,2.28,1.155,0.38,8.600014,0.344589,14.409503
763,,3.88,0.652,1.013,30.82377,1.266396,-31.665333
908,,4.89,3.525,0.487,18.046958,0.887717,-5.000042
1065,Algenib,2.83,-2.567,-0.19,115.664183,6.687324,31.442127
1166,,4.79,-0.473,1.572,105.704826,6.744268,38.98495
1169,,4.44,-1.246,1.64,129.488149,8.283,-44.507481
1363,,4.61,-0.272,0.059,73.717927,5.507828,59.184918
1470,,4.51,1.429,0.054,32.988623,2.643715,24.744457
1559,,3.56,-1.066,1.214,82.880324,7.042663,-12.912353
1595,,4.23,4.561,0.576,3.631914,0.318885,-7.774227
2016,,2.82,3.457,0.618,1.635267,0.184517,-7.275205
2069,,3.93,2.046,0.175,17.106924,1.964466,-16.443574
2076,Ankaa,2.4,0.327,1.083,19.083654,2.198282,-17.483284
2204,,4.86,-0.847,1.634,115.288699,14.119065,-75.449377
2466,,4.76,1.14,0.018,34.558503,4.767165,-39.85461
2478,,4.36,1.275,-0.064,18.64771,2.582977,-36.881102
2479,,4.53,0.965,0.147,23.255404,3.222589,-46.009047
2499,,4.74,-0.577,-0.098,66.52975,9.282854,94.252351
2592,,4.17,-15.83,0.13,45034.191856,6529.619087,89046.536344
2906,,4.34,-1.978,-0.123,150.645938,24.453844,101.857872
2914,Fulu,3.69,-2.608,-0.196,105.743565,17.207892,146.901502
3025,,4.34,0.835,0.871,43.176578,7.332959,24.588338
3086,,3.27,0.72,1.268,27.363473,4.742224,16.595166
3172,Schedar,2.24,-1.985,1.17,37.984817,6.784483,58.379619
3238,,4.59,0.204,0.953,51.420268,9.373821,-54.285737
3293,,4.8,-3.41,-0.105,274.222888,50.904565,338.492753
3398,,4.36,-0.031,0.024,39.897951,7.638724,-63.674097
3407,,4.95,1.301,0.17,35.934654,6.898434,39.272564
3413,Diphda,2.04,-0.312,1.019,27.583638,5.310463,-9.119792
3448,,4.77,0.494,0.998,69.103848,13.491898,-13.188762
3496,,4.48,-2.187,-0.069,140.690195,27.809754,160.874126
3685,,4.08,0.263,1.1,51.755023,10.844894,23.839349
3778,,4.44,-0.458,1.5,92.459279,19.940749,12.595285
3793,,4.9,-0.606,-0.091,77.715955,16.814743,98.08037
3814,Achird,3.46,4.586,0.587,3.098462,0.674227,5.038376
3871,,4.53,-1.857,-0.136,139.406857,30.787155,124.45018
4137,,4.78,-1.495,1.55,175.031944,41.221192,-3.591689
4142,,4.8,3.436,0.54,8.810315,2.077392,16.413746
4282,,4.83,-0.185,1.216,50.420166,12.338344,86.296046
4412,Castula,4.62,0.684,0.957,30.437701,7.68286,52.6216
4417,Cih,2.15,-3.981,-0.046,79.836717,20.168018,146.837047
4426,,3.86,0.862,0.13,30.180673,7.630372,24.761577
4453,,4.4,0.161,0.94,62.61915,15.963361,27.988017
4567,,4.3,-2.584,-0.154,200.770598,52.489589,-116.727788
4896,,4.27,0.539,0.952,53.144471,14.974142,7.651854
5154,,3.32,-16.68,0.885,65728.03719,19495.774096,-72799.31262
5337,Wurren,3.94,-0.869,-0.12,49.896436,15.346501,-75.238648
5353,,3.46,0.561,1.161,35.733354,11.025427,-6.716585
5361,,4.24,-0.43,1.213,5.357793,1.65718,85.727534
5423,,4.26,-2.45,0.012,142.401313,44.559066,161.368161
5436,Mirach,2.07,-1.84,1.576,46.946371,14.741814,35.255129
5530,,4.34,1.279,0.17,22.283015,7.143859,33.605678
5559,,4.66,-0.693,1.024,104.513869,33.683383,42.227416
5574,,4.51,0.94,1.092,42.613504,13.776233,25.950131
5730,,4.67,-1.01,1.047,118.013398,39.343134,56.911417
5849,,4.97,4.073,0.571,10.023612,3.411601,-10.786636
5884,,4.25,2.643,0.48,7.143194,2.45156,-19.547464
6179,,4.74,-0.136,0.032,78.942697,28.524892,43.257068
6228,,4.95,-15.05,0.683,49467.137003,18024.596194,85018.328882
6397,Adhil,4.87,0.781,1.077,43.117698,16.194066,46.916563
6523,,3.6,0.886,1.065,32.241501,12.380133,-4.96651
6656,,4.9,0.173,1.231,79.449924,31.144316,-22.226489
6672,Ruchbah,2.66,0.24,0.16,14.082378,5.53413,26.457567
6678,,4.72,0.836,1.047,20.730917,8.159197,55.504166
6799,,4.83,2.547,0.421,18.641784,7.499275,20.380957
6853,,3.41,-0.866,1.542,48.291055,19.600485,-49.144111
6993,,4.84,-0.007,1.372,85.579481,35.529252,9.974354
7068,,3.93,0.734,0.972,26.31178,11.067445,-32.92116
7083,Alpherg,3.62,-1.531,0.974,95.233975,40.171366,28.364911
7280,,4.68,0.655,0.991,29.942244,13.008585,54.833867
7499,Titawin,4.1,3.45,0.536,9.229933,4.147969,8.92295
7574,Achernar,0.45,-2.705,-0.158,21.065573,9.568417,-35.951967
7593,Nembus,3.59,-0.085,1.275,32.669331,14.886999,40.762548
7803,,4.96,-1.736,-0.068,150.121031,70.465886,142.023934
7869,,4.45,-0.784,1.347,100.168039,47.473101,10.649285
7903,,4.96,4.434,0.618,8.465575,4.02816,8.624862
7984,,4.98,-2.831,1.378,328.229658,157.834292,-23.489626
8053,,4.01,-2.705,-0.098,125.512408,60.986585,170.421939
8087,,3.49,5.678,0.727,3.154083,1.539508,-1.00226
8183,Torcular,4.26,-0.405,0.942,75.808974,37.546943,13.637807
8481,,4.66,2.834,0.333,20.228295,10.483677,-4.299405
8628,Baten Kaitos,3.74,-0.548,1.136,62.65906,33.12747,-12.925362
8777,Mothallah,3.42,1.979,0.488,14.872602,7.99818,9.584806
8813,Mesarthim,3.88,0.372,-0.047,41.769649,22.568336,16.620371
8814,,4.61,0.912,0.928,48.236339,26.069281,3.053521
8818,,4.39,-0.712,1.597,63.693781,34.455513,-75.786103
8867,Segin,3.35,-2.156,-0.15,49.169644,26.806887,113.163436
8884,Sheratan,2.64,1.365,0.165,14.752622,8.063457,6.389157
8909,,4.68,0.547,0.931,22.365936,12.262188,-62.029417
8989,,3.69,2.432,0.844,9.696827,5.372709,-13.991232
8990,,4.97,-1.693,-0.084,68.369027,37.897739,200.343411
9042,,4.92,-0.252,1.434,87.291762,48.720739,-41.462783
9076,,4.82,0.413,0.864,44.938717,25.210184,-56.006405
9135,,4.79,1.807,0.29,31.505782,17.812162,15.809093
9217,,2.86,1.147,0.29,9.103629,5.191033,-19.357346
9328,,3.99,-0.776,1.554,72.537969,41.881981,-32.283342
9460,,4.49,1.754,0.164,9.93903,5.852056,33.32112
9467,Alrescha,3.82,0.498,0.024,39.728779,23.413015,2.226137
9485,,4.99,-1.754,-0.071,111.632689,65.954843,181.694021
9577,,3.95,0.536,-0.002,12.488444,7.46198,45.920103
9618,Almach,2.1,-3.305,1.37,76.368059,45.840864,81.131974
9655,,4.68,-0.6,-0.156,84.934027,51.281306,-55.669463
9861,Hamal,2.01,0.486,1.151,15.731986,9.751722,8.03361
9954,,4.78,0.937,0.12,39.240709,24.636572,36.016533
10030,,4.98,0.245,0.339,67.224647,42.588967,38.710457
10041,,3,0.051,0.14,26.909766,17.068198,22.302471
10256,,4.94,0.19,0.77,64.466842,42.013918,44.970869
10300,,4.36,-0.99,0.878,97.101875,63.662733,18.071856
10316,,4.84,-1.216,1.476,97.371981,63.974858,113.424253
10578,,3.56,0.194,-0.12,24.277871,16.454316,-36.88702
10620,,4.84,4.676,0.607,7.36921,5.020051,6.065246
10645,,4.03,1.345,0.019,23.617959,16.128369,19.179839
10975,,4.08,0.921,0.034,12.697968,9.036411,-39.890188
11286,,4.73,-0.54,1.532,58.248225,42.953597,87.10771
11318,,4.88,-0.848,-0.027,109.868541,81.261421,-29.771764
11380,,4.24,-1.722,-0.136,83.993856,62.712836,-115.214518
11457,,4.3,0.438,-0.053,46.745585,35.276211,8.71048
11542,,4.46,1.41,0.153,12.456271,9.477611,37.605991
11734,Polaris,1.97,-3.643,0.636,1.3431,1.047629,132.614909
11755,,4.74,2.608,0.454,20.289578,15.864382,-7.019183
11888,,4.96,-0.897,-0.05,102.355734,81.304512,-70.185255
12062,,4.87,-0.221,0.88,80.687079,65.266003,10.163258
12355,,4.08,-2.416,-0.212,152.884758,127.698502,1.142144
12357,,4.83,3.17,0.447,16.130169,13.482598,-4.419553
12360,,4.12,0.78,-0.061,13.225285,11.057012,-43.245786
12381,,4.74,1.977,0.061,20.044606,16.789617,-24.290419
12452,,4.11,0.787,1.006,27.095858,22.870882,-29.600515
12590,,4.91,2.992,0.582,14.037312,12.015355,15.611278
12673,Kaffaljidhma,3.47,1.532,0.093,18.440324,15.931398,1.377729
12686,,4.65,-0.459,-0.122,70.405829,60.907841,48.89097
12737,,4.24,-1.165,-0.122,88.240919,76.789504,-28.858845
12744,,4.1,3.868,0.514,5.480091,4.772164,8.42701
12795,,4.27,2.214,0.311,19.080598,16.72475,4.526074
12810,,4.47,3.705,0.481,10.131041,8.892749,-4.529443
12843,,4.83,0.128,0.058,24.908967,21.949375,-80.615286
13028,Lilii Borea,4.52,0.915,1.112,34.120953,30.698125,25.701009
13114,,4.45,0.831,0.981,33.071703,30.064017,-28.370335
13176,Bharani,3.61,0.081,-0.1,33.287607,30.498162,23.26243
13210,,4.76,-0.326,1.337,19.732423,18.156708,-100.544043
13221,,4.22,1.378,0.343,21.366064,19.67884,22.955795
13234,Miram,3.77,-3.383,1.69,111.116108,102.442422,223.184985
13254,Angetenar,4.76,0.969,0.906,39.279245,36.32166,-20.540573
13294,,4.56,-1.221,1.554,85.936298,79.796835,82.296682
13497,,3.93,-0.529,0.758,34.175398,32.504346,62.052515
13667,Azha,3.89,0.781,1.088,29.694338,28.782724,-6.474577
13813,Acamar,2.88,-0.59,0.128,26.85749,26.453029,-31.974932
13845,,4.68,-0.208,0.065,51.973098,51.41424,60.614272
13850,,4.98,0.201,0.126,28.076248,27.782942,-81.241239
13871,,4.94,-0.323,1.235,65.495403,64.961056,65.032724
13880,,4.63,-0.412,0.048,67.368381,66.906756,37.095654
13920,,4.71,-1.526,-0.109,123.577264,123.270329,27.356434
14100,Menkar,2.54,-1.875,1.63,53.342561,54.414384,5.448321
14112,,4.08,1.909,0.163,17.419759,17.787178,-10.889644
14292,,2.91,-1.453,0.716,30.696986,32.009546,59.949578
14318,,3.32,-1.553,1.528,50.772204,53.119196,59.165375
14346,,4.77,0.715,1.018,24.508776,25.723305,54.100758
14540,Algol,2.09,-0.112,-0.003,14.189428,15.238793,18.072114
14596,,4.05,3.936,0.595,4.634786,5.016825,8.029067
14632,Misam,3.79,1.097,0.98,16.593574,18.028979,24.381331
14781,,4.61,-0.121,1.115,45.694336,50.433482,56.323324
14802,Botein,4.35,0.769,1.033,32.830084,36.343153,17.561644
14826,,4.85,1.325,0.035,9.131248,10.135747,48.840454
14843,Dalim,3.8,3.033,0.543,8.329775,9.25728,-6.899408
15072,,4.87,0.344,-0.007,49.491233,56.385083,28.865954
15159,Zibal,4.8,2.165,0.232,21.831836,25.077889,-5.15902
15344,,4.86,0.391,0.904,46.893889,55.084739,-29.981486
15378,,4.85,-2.938,1.491,193.13896,227.601514,203.036213
15419,,4.84,5.035,0.681,5.88441,6.973226,0.537318
15436,,3.7,-1.151,1.614,55.881991,66.313063,-34.611249
15471,82 G. Eri,4.26,5.354,0.711,2.839238,3.381499,-4.127499
15481,,4.74,-2.103,-0.108,61.920738,73.786336,212.864571
15510,,4.47,-1.636,1.555,93.334252,111.566498,80.790225
15609,,4.96,1.638,0.051,21.424658,25.861789,31.680272
15824,Mirfak,1.79,-4.166,0.481,62.885098,77.880689,118.708804
15861,,3.61,-1.142,0.887,55.200207,68.663325,13.999272
16044,,3.73,-0.304,-0.082,39.077692,49.645163,10.836642
16108,,4.99,-1.041,-0.091,64.836812,83.02553,121.451613
16187,,4.21,-4.663,0.419,182.465205,235.803468,515.18103
16203,,4.67,-1.421,-0.096,65.571385,84.96773,125.70372
16204,,4.71,3.029,0.41,6.026531,7.809946,-19.30869
16241,,4.55,-4.88,0.489,242.150448,315.326967,658.519557
16294,,4.36,-0.852,1.367,44.768095,58.646849,81.928338
16300,,4.74,-0.726,-0.092,74.875272,98.125761,-10.961868
16328,,4.14,-0.965,1.112,61.947656,81.371655,23.491538
16496,Ran,3.72,6.183,0.881,1.89897,2.541426,-0.528523
16570,,4.26,-0.509,-0.106,49.785855,67.151682,-33.152769
16785,,4.32,-1.943,-0.058,69.8893,96.627834,133.343535
16811,,4.29,3.565,0.575,8.163865,11.327087,0.097883
16829,,4.57,0.321,1.023,31.528759,43.834385,-45.750304
17262,,4.99,-2.083,-0.159,124.650555,181.78943,-137.404463
17271,,4.97,-2.58,-0.048,151.663187,221.451739,180.804876
17309,,4.59,0.83,1.191,25.31594,37.123698,-34.247304
17316,,3.01,-2.986,-0.125,59.860731,87.855481,117.192812
17336,Rana,3.52,3.739,0.915,5.006502,7.370189,-1.533131
17398,,3.84,1.465,1.133,7.098485,10.543736,-27.019807
17406,Atik,3.84,-3.841,0.022,162.113525,241.065988,183.56674
17457,Electra,3.72,-1.748,-0.105,62.965631,94.124106,50.687766
17487,,3.77,-2.391,0.425,69.722894,104.539005,115.460753
17489,Taygeta,4.3,-1.193,-0.11,63.361504,95.01397,51.966577
17532,Maia,3.87,-1.48,-0.063,59.14718,89.215057,48.48319
17545,,4.78,-2.634,0.747,75.241521,113.719424,271.648759
17551,,4.43,-1.414,1.604,79.523115,120.308509,-30.921273
17566,Merope,4.14,-1.193,-0.051,58.663928,88.906234,47.309232
17609,,4.22,2.989,0.434,8.889125,13.538595,-6.958253
17637,,3.26,-0.825,1.59,9.756821,14.915528,-63.149939
17661,Alcyone,2.85,-2.61,-0.086,61.664507,94.489136,50.483636
17757,,4.3,0.773,-0.038,21.799174,33.760304,-30.970368
17805,Atlas,3.62,-1.725,-0.07,57.849417,90.077197,47.782936
17833,,4.17,0.127,0.927,28.005042,43.7289,-38.005771
17842,,4.39,-2.546,1.87,54.468786,85.106118,221.98754
17917,,4.59,-0.617,0.064,18.873061,29.727281,104.223388
18171,,4.64,-0.675,-0.136,55.02931,89.546639,-48.147454
18201,,2.84,-3.973,0.271,102.130978,166.878316,121.704179
18210,,4.46,-0.451,0.672,49.973192,81.782305,-4.946929
18441,,4.99,-3.268,1.435,110.663325,186.263742,392.618574
18458,,4.95,-0.269,-0.074,25.533963,43.100035,98.625998
18485,,2.9,-3.558,-0.199,76.156467,129.09969,125.816858
18497,Zaurak,2.97,-1.004,1.588,30.760217,52.235828,-14.56308
18550,,4.56,-1.478,1.59,38.96927,66.651739,-141.610379
18567,Menkib,3.98,-3.928,0.016,156.01015,267.421217,223.218208
18626,,4.62,-0.389,-0.121,45.881115,79.408177,-40.863054
18677,,3.41,-2.447,-0.099,72.055648,125.663969,32.088342
18697,,4.48,-1.31,1.5,33.370231,58.324809,-127.23007
18725,,4.97,0.017,1.386,23.426639,41.113996,-85.644921
18860,,3.91,1.137,0.032,17.402678,31.124499,3.741217
18970,,5,-3.979,0.495,154.800189,280.572508,536.601104
18990,,4.36,0.566,1.064,25.633221,46.576223,21.568111
19119,,4.25,-1.309,-0.011,39.202478,72.642846,99.608154
19296,,3.96,-1.865,-0.025,45.931031,86.988502,108.154671
19465,,4.93,1.235,0.334,18.681766,36.211985,-36.680469
19538,Beid,4.04,1.181,0.327,16.838836,33.000244,-4.442368
19690,,4.84,-0.197,0.799,44.823011,89.841902,16.37646
19697,,3.85,1.114,1.085,11.637776,23.342255,-23.728596
19727,,4.87,0.515,1.156,32.507483,65.482178,-13.228201
19730,,3.33,-0.145,0.915,10.180685,20.514413,-43.944776
19761,,4.67,-2.654,1.007,98.172669,198.830839,189.280262
19762,,4.12,-3.086,0.935,81.176514,164.424627,206.603982
19799,Keid,4.43,5.942,0.82,2.179524,4.432894,-0.66374
19810,,4.27,-1.455,-0.054,60.741083,123.898045,21.589212
19843,,4.26,2.705,0.312,5.584439,11.453148,-16.011327
19871,,4.44,3.135,1.078,4.063966,8.377204,-15.682734
19940,,4.93,2.622,0.259,11.744304,24.419494,10.17349
19992,,3.55,-0.134,-0.108,19.536379,40.910335,-30.347713
20021,,4.6,-0.315,0.043,26.385569,55.470171,73.976007
20155,Prima Hyadum,3.65,0.176,0.981,20.197375,43.211662,13.342572
20200,,4.97,0.004,1.15,36.823987,79.288446,45.220144
20203,,4.93,0.802,0.95,23.204333,49.995533,37.97614
20304,,4.8,-1.159,-0.022,44.585331,97.329822,112.808858
20405,Secunda Hyadum,3.77,0.377,0.983,18.695965,41.472036,14.380508
20483,Beemim,3.97,-0.821,1.468,30.609599,68.780131,-50.811792
20490,,4.8,1.328,0.154,19.182021,43.132146,14.833155
20583,,4.21,0.841,0.136,17.521422,39.99522,17.9028
20597,,4.3,1.008,0.049,17.36483,39.694452,14.017394
20659,,4.28,0.913,0.263,17.275942,39.878289,18.280854
20661,,4.48,1.025,0.262,18.787236,43.38653,13.216923
20680,,4.69,-0.841,0.979,48.956077,113.410664,32.438204
20825,,4.96,1.171,1.137,21.36337,50.598509,16.122899
20833,,3.84,0.464,0.952,17.673807,41.929015,13.014908
20837,Ain,3.53,0.266,1.014,16.488448,39.136798,14.772771
20842,Chamukuy,3.4,0.081,0.179,17.209733,40.871602,12.608233
20977,,4.78,1.603,0.17,15.781048,38.36395,12.047208
21087,,4.91,-1.608,1.32,75.47305,186.515934,-0.154555
21195,,4.49,1.537,0.972,12.46101,31.436528,-19.340438
21220,,4.65,1.22,0.255,17.218125,43.626235,12.430714
21228,,3.3,-0.268,-0.079,10.857822,27.56288,-42.378779
21340,Theemin,3.81,-0.274,0.957,20.338212,52.67393,-33.342657
21349,,4.25,0.849,0.184,16.960482,43.985163,8.448853
21368,Aldebaran,0.87,-0.682,1.538,7.02722,18.287604,5.806661
21391,,3.93,-2.65,-0.21,73.800655,193.060106,-12.107266
21423,,4.25,-2.691,1.171,65.344458,171.773203,161.256794
21536,,4.27,0.906,0.122,16.067112,43.063758,10.198975
21541,Sceptrum,3.86,1.223,1.082,11.405856,30.579706,-8.321655
21591,,4.99,0.724,0.074,24.167507,65.41446,-14.979556
21630,,4.67,1.278,0.147,15.820925,43.043494,13.078825
21710,,4.32,-0.945,1.599,36.197962,100.052855,-38.036843
21717,,4.44,2.917,0.342,5.101798,14.124725,-13.457617
21828,,4.27,-1.164,-0.112,37.416474,106.020957,47.623853
22056,,4.01,-2.011,-0.148,51.015593,151.376745,-9.083835
22396,Tabit,3.19,3.656,0.484,2.413721,7.63677,0.977904
22400,,4.89,-1.052,1.447,36.867,116.768408,93.919491
22456,,4.35,0.161,0.01,20.273136,64.902011,10.64789
22496,,3.68,-3.863,-0.157,94.925539,306.683598,31.506969
22614,,4.71,-1.791,1.773,56.131664,185.136392,49.134544
22626,,4.79,-1.54,1.414,42.857564,141.578185,110.271052
22648,,4.36,0.072,0.257,20.70106,68.667532,-6.846096
22730,,4.26,-15.74,-0.008,11388.133562,38476.633833,91596.173902
22744,,3.71,-4.362,-0.179,116.339905,394.346209,17.52465
22792,,4.64,1.879,0.085,9.83882,33.698243,6.285324
22904,,4.06,0.28,1.158,15.193314,53.311153,13.323302
22961,Hassaleh,2.69,-3.209,1.49,34.378539,121.884168,82.763748
22987,,4.43,-0.855,-0.017,18.219549,64.912267,91.957342
23069,,4.47,-2.841,1.369,76.757549,279.372806,8.669789
23125,,4.93,1.339,0.037,10.806482,39.813476,32.104087
23177,,4.78,0.034,0.267,22.503515,83.880239,-19.3129
23307,,4.91,0.995,-0.047,14.410135,55.150015,-20.805379
23309,,4.8,-1.978,-0.164,56.864041,217.677719,-28.31804
23361,Almaaz,3.03,-6.047,0.537,118.129799,456.518488,452.57303
23398,Saclateni,3.69,-3.22,1.154,45.114162,175.957014,158.327189
23442,,4.62,1,0.155,12.103194,47.740064,19.489629
23467,,4.03,-3.106,0.921,32.233956,127.899195,232.582593
23540,,4.55,0.825,1.177,10.872233,43.938165,-32.265726
23552,,4.65,-0.596,-0.064,25.857529,104.817125,29.745307
23630,,3.19,-0.888,1.46,14.257014,58.775516,-24.89227
23638,,4.71,4.379,0.526,1.474776,6.085643,-9.818715
23712,Haedus,3.18,-1.184,-0.148,12.978524,54.599524,49.18977
23728,,4.98,2.881,0.343,3.765141,15.889624,20.601167
23780,,4.91,3.968,0.657,3.324007,14.241868,4.934537
23820,Cursa,2.78,0.591,0.161,6.156194,26.585876,-2.429001
23917,,4.25,-2.729,-0.187,54.107143,239.830695,-37.859151
23955,,4.81,-1.278,0.313,34.604537,155.127325,44.368602
24187,,4.45,0.191,-0.099,14.372474,68.052698,-14.618273
24249,,3.29,-0.49,-0.11,11.164848,53.596933,-15.911275
24270,,4.36,-2.384,-0.094,44.086239,213.030877,-49.989446
24274,,4.46,-0.693,1.166,21.689404,104.944819,5.355998
24283,,4.82,1.464,0.189,7.409615,35.960293,29.188797
24314,,4.81,-1.079,1.274,11.702924,57.211867,-138.81987
24378,Rigel,0.18,-6.933,-0.03,51.601106,256.709905,-37.740051
24549,Capella,0.08,-0.51,0.795,1.712633,8.954439,9.440007
24599,,4.81,2.254,0.987,4.908599,26.156164,-18.562012
24614,,3.59,-2.312,-0.115,27.668638,147.869248,-18.056628
24667,,4.54,0.277,1.252,10.794657,58.493626,39.178443
24753,,4.69,4.183,0.63,1.713487,9.509166,8.136149
24762,,4.96,0.561,0.937,12.416474,69.140625,28.519208
24785,,4.29,-2.794,-0.235,44.609015,250.278024,-59.518691
24866,,4.7,-0.828,-0.048,20.415286,117.12107,-46.208191
24983,,4.72,-2.553,-0.168,47.31231,280.938174,-1.901776
25079,,4.99,-3.399,-0.096,76.738804,469.043727,29.439495
25184,,4.13,0.713,0.943,7.487188,47.201778,-6.553529
25215,,5,4.21,0.544,2.122676,13.564563,4.298277
25218,,3.35,-4.031,-0.24,46.180743,295.55322,-12.522729
25239,,4.89,-2.625,-0.2,48.76892,314.547885,10.261456
25273,Bellatrix,1.64,-2.804,-0.224,11.658576,76.036136,8.56012
25364,Elnath,1.65,-1.417,-0.13,5.281578,35.6504,19.655456
25409,,4.59,-3.121,-0.199,50.169162,344.287666,18.816533
25475,,4.88,-1.532,-0.14,25.011528,175.931393,71.568309
25542,Nihal,2.81,-0.648,0.807,6.349344,45.531613,-17.425966
25673,,4.71,-1.252,1.592,20.507341,154.378852,-2.969161
25749,,4.2,-0.639,-0.143,11.740832,91.601407,9.621952
25794,,3.86,-0.675,1.13,8.234768,65.213718,-46.834868
25858,,4.62,-5.095,-0.261,106.296082,863.562613,-111.483545
25865,Mintaka,2.25,-4.385,-0.175,25.868117,210.729667,-1.108306
25880,,4.32,-4.38,2.06,62.986531,516.946545,175.200013
25919,,4.71,-15.29,0.281,10046.583496,84028.272688,53275.84395
25920,Arneb,2.58,-6.583,0.211,76.877195,643.047236,-208.208
26004,,3.76,-3.687,0.64,16.370231,141.620663,-273.743541
26111,,4.39,-3.224,-0.157,36.048184,326.789901,54.956117
26134,,4.78,-3.693,-0.248,53.503643,489.42015,-51.764207
26142,Meissa,3.39,-4.246,-0.16,35.907504,329.702779,58.086365
26155,,4.98,-15.02,,10724.717134,98978.942834,-9388.789872
26170,,4.98,-3.399,-0.097,50.584197,469.098632,-44.733371
26172,,4.58,-2.585,-0.183,28.945888,268.481412,-22.857731
26176,Hatysa,2.75,-6.519,-0.21,76.014147,706.411475,-73.54604
26246,Alnilam,1.69,-7.223,-0.184,62.775122,602.66691,-12.712683
26301,,4.09,1.307,0.951,3.576264,35.37109,5.815826
26386,Tianguan,2.97,-2.704,-0.148,12.391949,126.637551,49.207351
26484,,3.77,-3.816,-0.19,30.430713,327.196967,-14.922443
26497,,4.77,1.523,0.139,4.071114,44.062353,-5.600145
26529,,4.5,-3.635,-0.098,38.330467,420.891434,30.453889
26569,Phact,2.65,-1.869,-0.12,5.885917,66.110037,-44.89318
26662,Alnitak,1.74,-5.028,-0.199,18.918488,224.809409,-7.651875
26671,,4.95,-2.25,-0.197,22.99311,274.46745,-5.426942
26711,,4.84,-1.609,-0.125,15.234526,186.249582,55.475059
26820,,4.9,0.129,1.144,6.872956,89.717105,2.316338
27006,,3.59,3.836,0.481,0.558889,8.231515,-3.40875
27034,,4.34,1.032,0.217,1.251539,18.809293,-41.819199
27220,,3.55,1.877,0.104,1.188275,20.854933,-5.52761
27253,,3.85,2.407,0.171,0.677437,12.19782,-15.122127
27298,Saiph,2.07,-4.418,-0.168,10.444137,195.314937,-33.326707
27399,,4.88,-0.356,1.021,4.857404,101.274086,46.350723
27414,,4.51,0.499,0.949,2.321024,49.098662,40.061577
27442,,4.89,0.478,-0.068,3.392778,74.348536,16.706174
27461,,4.5,0.83,1.075,1.339002,30.14806,-45.022342
27559,Wazn,3.12,0.985,1.146,0.855327,21.672805,-15.624858
27569,,4.72,-1.304,1.621,4.981894,127.37315,97.126124
27585,,3.76,1.048,0.984,1.233354,32.555386,-12.426988
27604,,3.97,-0.275,1.132,2.033173,54.730173,44.585685
27681,,4.76,-3.174,1.382,12.726124,385.688226,12.499052
27741,,4.88,-0.175,-0.154,2.560109,85.189583,-57.058132
27761,,4.56,-1.005,-0.008,3.345638,114.880414,60.114815
27821,,4.65,2.555,1.022,0.305734,11.875322,-23.404792
27844,,4.39,4.702,0.594,0.199145,8.12391,3.002187
27880,,4.96,0.642,0.052,0.925394,41.145542,60.348077
27919,Betelgeuse,0.45,-5.469,1.5,3.189296,151.364387,19.682142
27940,,4.97,-0.074,1.102,1.597973,81.348628,-61.581503
28032,,3.71,2.847,0.337,0.226289,14.424355,-3.64172
28127,,4.36,-2.77,-0.165,2.339512,217.669281,-154.031992
28165,,4.81,-3.579,-0.088,3.747114,428.148631,208.403863
28256,,3.96,-1.843,1.146,0.395224,106.157169,-98.3554
28287,,3.72,0.785,1.01,0.046526,22.55637,31.372845
28288,Menkalinan,1.9,-0.078,0.077,0.036195,17.601288,17.569058
28309,Mahasim,2.65,-0.878,-0.083,0.049188,40.426416,30.69934
28333,,4.3,-2.513,1.701,0.045456,160.242415,165.569637
28342,,4.53,-1.023,1.202,-0.031384,128.846834,-6.920028
28503,,4.92,-1.985,-0.128,-1.897366,236.276842,-44.210601
28543,,4.12,0.736,0.17,-0.487031,46.83194,7.961214
28645,,4.64,-4.072,0.236,-8.871117,518.633356,190.215445
28664,,4.16,0.774,0.835,-0.785331,43.678266,18.780748
28744,,4.92,-2.305,0.196,-5.809895,267.039134,-79.040392
28837,,4.67,1.05,0.046,-1.374348,51.158602,-13.650887
28962,Elkurud,5,-1.724,-0.095,-5.782732,176.005131,-133.923795
28966,,4.42,-1.576,-0.164,-5.054138,152.917263,40.334489
29203,,4.72,-3.282,-0.229,-10.273101,228.464394,-326.230539
29353,,4.45,-1.9,-0.18,-9.400594,180.27811,45.708737
29361,,4.95,-1.099,-0.149,-8.185486,155.478891,45.028347
29578,,3.99,-1.929,1.319,-9.829941,151.438427,-16.686522
29582,Propus,3.31,-2.048,1.6,-7.067151,108.713368,45.140745
29623,,4.32,0.648,1.021,-3.166482,47.119755,26.717109
29662,,5,-0.485,-0.078,-8.337689,121.147878,-29.643878
29734,,4.37,0.631,0.978,-3.302105,45.641526,-32.209615
29924,,4.76,1.112,0.025,-1.556212,18.881878,50.191283
29987,,4.44,1.033,0.032,-2.113811,24.62735,41.155331
30020,,4.91,-0.858,1.613,-12.394869,141.721462,-7.317466
30049,Furud,3.02,-2.209,-0.16,-8.512138,95.786306,-55.662081
30204,,3.85,-0.429,0.858,-5.767253,59.585068,-39.52731
30251,Mirzam,1.98,-3.916,-0.24,-14.209731,142.995999,-46.568852
30270,Tejat,2.87,-1.387,1.621,-6.562116,65.281443,27.194957
30346,,4.39,1.52,0.215,-3.86914,37.174221,3.002439
30365,Canopus,-0.62,-5.504,0.164,-5.992679,57.132034,-75.396105
30447,,4.92,-15.08,1.905,-7072.18485,64841.320779,75799.652572
30715,,4.47,-1.098,-0.169,-13.417279,108.608383,-69.932353
30794,,3.76,-2.825,-0.113,-25.823011,204.282357,-25.402943
30810,,4.13,-1.983,-0.115,-19.745914,155.415378,57.67907
31052,,4.34,-3.795,-0.245,-53.872246,385.075042,-168.408118
31139,,4.47,-15.53,0.023,-14190.69431,98161.685934,12763.527373
31330,,4.35,-3.758,-0.021,-38.301434,249.019454,-334.050014
31339,,4.54,-1.117,-0.035,-18.983936,123.138801,-52.796495
31512,,3.95,2.472,1.037,-2.971851,18.407811,-6.513678
31601,Alhena,1.93,-0.696,0.001,-5.266162,31.714389,9.461403
31605,,3.17,-2.113,-0.103,-13.61885,81.907249,-77.960909
31620,,4.42,-1.136,1.137,-20.194927,121.035795,-40.433628
31746,,4.82,-2.587,1.459,-50.114033,289.536851,-74.057517
31751,,4.8,-0.728,1.236,-16.062194,92.675681,86.154051
31895,,4.66,-2.589,-0.233,-49.352633,273.075535,48.410212
32161,Mebsuta,3.06,-4.007,1.377,-44.684834,230.247724,110.023705
32164,,4.49,-0.247,1.167,-16.44796,84.640667,20.268144
32263,Sirius,-1.44,1.454,0.009,-0.494323,2.476731,-0.758485
32276,Alzirr,3.35,2.074,0.443,-3.444569,17.203451,4.0169
32352,,4.86,0.768,0.084,-6.706626,32.791585,56.689392
32447,,4.77,-1.126,1.396,-30.67067,146.395704,21.120444
32492,,4.48,-0.783,1.099,-23.378565,110.316881,4.750306
32521,,3.24,0.883,0.225,-2.906455,13.618019,-26.124095
32672,,3.5,-3.027,-0.116,-36.758571,166.353338,-108.570651
32675,,4.41,-1.703,0.899,-21.369861,96.682187,-134.411909
32682,,2.94,-0.793,1.207,-7.654383,34.572281,-43.130564
32758,,4.99,-0.335,1.256,-19.027882,84.492261,77.385743
32769,,4.99,-2,1.379,-45.430987,201.296088,-141.124218
32932,,3.6,-0.216,0.102,-10.97736,46.812348,32.384569
33005,,4.82,-3.039,-0.212,-81.065196,340.61587,-128.990912
33065,,3.89,-16.11,1.74,-21346.953289,88690.467029,-40967.166217
33073,,4.08,-0.434,1.418,-18.313512,76.003688,-16.672541
33115,,4.73,2.686,0.321,-5.893353,24.247254,5.842527
33215,,4.66,2.305,0.374,-6.675726,26.963324,-10.185168
33258,,5,-2.908,1.182,-89.750517,359.229966,-92.617334
33260,,4.36,-5.07,-0.063,-178.337623,713.454932,-225.597739
33270,,4.94,-2.167,1.668,-42.307688,168.850157,-198.287093
33362,,4.35,0.661,0.85,-7.080952,27.740855,46.57936
33398,,4.9,0.558,0.027,-12.970166,50.498584,52.309156
33492,Adhara,1.5,-3.971,-0.211,-27.497987,105.141608,-60.171969
33607,,4.55,0.796,1.365,-3.289278,12.261351,54.888833
33769,Nganurganity,3.49,-4.191,1.729,-80.775471,292.659236,-160.9853
33882,,4.99,-2.869,-0.195,-100.870652,358.181085,-27.582498
33888,,3.02,-6.621,-0.077,-210.498109,746.064177,-342.438173
33956,Muliphein,4.11,-1.55,-0.112,-35.835279,125.471916,-36.514903
33971,,4.92,1.009,0.14,-10.806546,37.753134,-46.115083
34000,Mekbuda,4.01,-4.116,0.899,-109.067807,379.683873,148.25163
34354,Wezen,1.83,-6.633,0.671,-129.733458,421.761488,-218.979855
34389,,3.78,0.62,1.006,-4.22812,13.669876,-40.404484
34404,,4.83,-1.914,-0.179,-50.854474,164.1546,-142.449266
34530,,4.91,0.941,1.02,-18.708565,59.13078,-4.594836
34601,,4.41,-0.556,1.261,-25.971151,80.964075,49.576976
34660,,4.91,-0.953,1.451,-35.409626,109.539726,94.294231
34677,,4.15,-1.205,-0.005,-36.330133,112.038272,-1.012987
34741,,4.49,2.835,0.324,-4.57015,13.949318,-15.609196
34805,,4.87,1.109,-0.003,-12.51457,37.828102,-40.099419
34828,,4.42,0.387,1.331,-14.37652,43.256072,-45.012936
34887,,4.42,-4.209,-0.17,-151.739539,451.839925,-236.11313
34926,,4.75,-0.562,-0.091,-24.589751,72.819168,-86.179461
34943,,4.01,-3.221,-0.15,-79.967595,236.217084,-125.824594
35110,,4.66,-0.811,1.589,-36.012762,103.730384,-58.092035
35115,,4.83,-3.361,1.601,-131.002952,377.175131,-172.085079
35132,,3.97,-2.803,0.76,-27.934552,80.182853,-209.706812
35169,,2.71,-4.258,1.616,-65.206299,186.349551,-149.300305
35253,,3.58,1.128,0.106,-9.909037,27.946222,8.805756
35266,,4.65,-2.307,-0.099,-66.140466,185.983966,-147.315434
35287,,5,-0.146,0.087,-23.355106,65.468542,81.284039
35315,,4.88,-3.955,-0.16,-179.020796,500.860177,-243.055684
35317,,4.37,-5.443,-0.132,-280.07639,783.212348,-387.061103
35453,Wasat,3.5,2.16,0.374,-5.888392,16.151258,6.939513
35628,,4.94,-0.904,-0.039,-48.962555,130.564555,-48.059375
35806,Aludra,2.45,-6.476,-0.083,-190.762166,496.337122,-298.432917
35941,,4.99,-2.532,0.991,-115.111431,293.5477,51.499062
35946,,3.78,0.945,1.024,-11.927106,30.38497,17.208794
36044,,4.61,-0.009,-0.001,-20.244731,50.928261,63.517493
36087,Gomeisa,2.89,-0.586,-0.097,-18.209817,45.556204,7.147858
36182,,4.33,-0.616,1.425,-36.168237,89.336272,15.136711
36263,,4.16,2.878,0.32,-5.815731,14.195743,9.506008
36274,,3.25,-0.618,1.509,-16.404069,39.982094,-40.72716
36322,,4.55,-1.671,1.276,-65.527801,158.596503,36.495368
36328,,4.85,-5.044,0.243,-334.92153,810.002495,-372.496613
36412,,4.65,-3.668,0.904,-152.353154,364.613906,-237.084709
36444,,4.92,-1.005,1.633,-7.826627,18.647411,151.798327
36667,,4.82,-3.548,1.362,-181.711894,418.911139,-118.294243
36689,,4.44,2.425,0.521,-9.338236,21.462897,-9.597779
36744,Castor,1.58,0.615,0.034,-5.311938,12.130011,8.238737
36811,,4.65,0.49,-0.111,-24.165667,54.673563,-32.279448
36836,,4.93,-0.472,1.373,-29.674646,66.915732,-95.513367
36856,,4.06,-0.537,1.54,-30.104979,67.678521,37.572052
36990,,4.53,-0.687,-0.081,-37.322872,82.499218,-63.328989
37067,,4.69,-1.701,-0.1,-71.308473,155.929559,-81.286705
37124,,3.8,-1.332,-0.159,-39.647242,86.168417,-47.921159
37159,Jishui,4.89,1.352,0.413,-17.604251,38.11415,28.945417
37173,Procyon,0.4,2.671,0.432,-1.469312,3.17617,0.320024
37191,,4.84,-1.317,-0.189,-56.20691,121.287419,-105.603052
37273,,4.98,-1.664,1.543,-87.24625,186.278637,-56.133385
37340,,3.94,0.659,1.022,-19.103696,40.392645,-7.518267
37397,,3.93,0.751,1.033,-5.555002,11.669749,-41.257317
37502,,4.93,0.365,0.104,-18.465628,38.280249,69.93077
37522,,4.23,1.312,1.118,-14.627301,30.220289,18.521324
37541,,4.63,-2.243,1.632,-90.991731,187.515464,-112.746885
37570,,3.94,-16.06,0.16,-38291.587533,78676.76741,-48411.988585
37633,,3.57,0.385,0.932,-17.374205,35.446541,17.905243
37711,,3.62,-4.083,1.706,-121.341631,245.368054,-213.621366
37718,Pollux,1.16,1.084,0.991,-4.055465,8.19518,4.867171
37800,,4.89,-0.196,1.425,-44.076766,88.284547,33.03571
37962,,4.4,-3.791,-0.07,-177.636172,348.30693,-190.167555
37981,,4.69,0.427,1.039,-22.084008,43.185663,-52.156579
38057,,4.1,-4.417,-0.16,-159.874467,309.624302,-365.580595
38062,Azmidi,3.34,-4.487,1.218,-153.118527,296.362603,-154.558514
38304,,3.71,-1.459,1.012,-38.618552,72.465137,-70.319408
38343,,4.49,-2.002,-0.188,-73.05857,136.476492,-124.742956
38388,,4.63,-2.203,-0.228,-71.357379,132.71839,-177.136266
38406,,4.22,-4.308,-0.13,-160.841113,298.394134,-377.840741
38426,,4.97,0.801,0.098,-28.943408,53.587317,30.719285
38713,,3.46,-2.262,-0.177,-40.958494,73.302689,-111.359983
38721,,4.2,-1.821,0.718,-71.949183,128.660129,-62.208733
38788,,4.76,-3.091,0.151,-157.590853,279.483537,-187.750479
38847,,4.47,-2.873,-0.18,-94.72468,167.015922,-222.796274
38969,,4.93,0.302,1.205,-41.952099,72.856948,-5.406614
38985,,4.61,0.265,0.087,-35.056533,60.800842,-23.345844
39028,,4.81,-1.115,-0.173,-34.170263,58.986665,-137.130239
39100,,4.69,-1.008,1.475,-69.581124,119.047291,-3.352171
39200,,4.39,-0.067,1.252,-39.573096,67.004089,3.172507
39313,,4.94,0.464,1.13,-35.665386,59.640931,36.629896
39318,Naos,2.21,-5.397,-0.269,-130.674899,218.376203,-213.564535
39644,Tureis,2.83,1.382,0.458,-9.379037,15.076242,-8.018549
39681,,4.35,-1.833,-0.113,-33.295483,53.320205,-160.545681
39734,,4.78,0.356,0.048,-25.374808,40.428392,60.021585
39750,,4.36,-3.197,0.97,-172.53083,274.520877,-16.900451
39790,,4.74,3.237,0.437,-5.120016,8.113858,-17.525983
39793,,4.4,-1.371,-0.16,-71.881704,113.895555,-47.019828
39840,,1.75,-5.923,-0.145,-124.300149,195.993257,-251.831601
39971,,4.72,1.051,0.939,-28.615326,44.371776,-12.11868
39978,,4.44,-4.143,1.59,-217.566963,337.08653,-332.12161
39983,,4.73,-15.27,0.164,-39688.333489,61447.812029,-68183.594917
40054,Tegmine,4.67,2.673,0.531,-13.035978,20.033032,7.603791
40145,,4.99,-2.14,1.066,-141.007112,214.391986,-72.555365
40159,,4.78,-2.493,-0.11,-126.950621,192.728371,-167.055901
40211,,4.42,-0.387,1.17,-38.497885,58.137119,-59.234021
40411,Tarf,3.53,-1.313,1.481,-51.522087,76.015371,14.84954
40587,,4.05,2.593,0.413,-2.515914,3.642744,-19.054133
40591,,4.44,2.156,0.222,-13.053888,18.895299,-17.092944
40773,,4.34,0.951,1.161,-5.942562,8.436434,-46.487637
40830,,4.83,-2.617,1.419,-149.654998,211.006362,-168.34418
40921,Avior,1.86,-4.482,1.196,-54.83708,76.515238,-159.872623
40922,,4.79,-3.816,-0.146,-203.211129,283.50707,-394.128854
40959,Alsciaukat,4.25,-1.095,1.55,-49.889521,69.406143,80.234157
41190,,3.91,1.039,-0.012,-22.21508,30.115144,-2.555415
41195,,3.77,1.179,1.132,-7.921708,10.731349,-30.152411
41586,Muscida,3.35,-0.348,0.856,-16.37548,21.290022,47.898272
42015,,4.84,0.675,0.981,-22.613761,28.093587,-57.735593
42193,,4.11,-4.626,0.109,-259.443213,315.728058,-380.926901
42195,,4.14,0.682,0.003,-31.060832,37.795209,4.886214
42283,Minchir,4.45,-0.84,1.216,-72.861703,87.795627,6.661268
42364,,4.86,0.487,0.9,-41.817563,49.965426,-36.955019
42390,,4.98,-0.399,1.415,-74.725017,89.034455,-25.716635
42396,,3.97,-1.558,0.936,-66.942302,79.706384,-73.721425
42408,,4.59,0.116,1.179,-21.882091,26.028746,70.744858
42416,,3.6,-2.299,-0.168,-58.71851,69.796529,-120.698168
42449,,4.31,-3.919,-0.117,-143.69503,170.315593,-382.271019
42452,,3.77,-16.23,0.67,-44268.895114,52465.832585,-72715.89497
42505,,4.74,-4.724,0.137,-342.599425,403.912027,-574.310463
42543,,4.87,0.808,1.063,-40.492194,47.526772,-17.836846
42607,,4.83,-1.03,-0.173,-58.047162,67.710972,-118.845793
42680,,4.3,-1.975,-0.192,-117.329664,135.898249,10.66243
42687,Asellus Borealis,4.66,0.936,0.01,-33.797361,39.125009,20.33287
42709,,3.68,-3.473,-0.18,-147.689477,170.508984,-147.537653
42716,,4.63,-2.233,0.84,-153.247381,176.799963,-29.697511
42765,,4.05,-0.181,0.874,-33.930288,38.895322,-47.544435
42792,Asellus Australis,3.94,0.928,1.083,-25.041776,28.63397,12.473108
42794,Alsephina,1.93,-0.033,0.043,-9.394033,10.739813,-20.158771
42904,,3.87,-4.902,0.015,-261.370054,295.35393,-409.001899
42948,,4.32,-0.059,0.9,-48.487966,54.625007,-17.599924
42984,,4.03,-1.003,1.007,-59.175263,66.476982,48.846771
42986,,4.5,-1.842,-0.169,-67.604379,75.938075,-155.190471
42990,Ashlesha,3.38,0.39,0.685,-26.198413,29.410867,4.431082
43113,,4.35,-0.829,-0.044,-72.427474,80.133985,11.043767
43224,,4.94,-2.718,0.043,-161.453862,176.514292,-241.801472
43286,,4.02,0.004,1.272,-38.119847,41.407111,-29.561085
43659,,3.84,-1.117,-0.104,-33.242229,34.710992,-85.450746
43689,,3.11,-0.439,0.978,-35.316755,36.765697,5.309278
43700,,4.87,0.471,0.142,-46.537543,48.390854,-35.220779
43754,,4.68,-0.494,-0.115,-45.64889,47.13849,-86.210555
43812,,4.93,-1.646,-0.182,-73.749993,75.72392,-177.525434
43939,Acubens,4.26,0.453,0.141,-39.690103,40.217629,11.863811
44000,Talitha,3.12,2.312,0.223,-6.835882,6.883318,10.789878
44064,,4.45,0.402,0.646,-34.310322,34.283342,-42.541431
44120,,3.96,2.93,0.463,-8.496677,8.449391,10.707365
44254,,4,1.084,0.145,-10.959043,10.727523,-35.095233
44262,,4.74,-0.181,1.542,-26.238304,25.661975,89.174849
44343,Alkaphrah,3.57,-1.635,0.007,-53.667801,51.996165,80.572997
44383,,3.75,-1.065,1.174,-44.9964,43.39387,-67.265198
44471,,4.47,-0.977,0.607,-26.549942,25.383448,-117.230442
44498,,4.66,-2.702,-0.149,-71.606714,68.16658,-279.782221
44531,,4.99,-2.204,1.189,-198.469921,188.385732,24.384833
44572,,4.56,-2.435,1.037,-142.682841,134.775878,155.855184
44689,Suhail,2.23,-3.883,1.665,-88.662596,82.682121,-114.774841
44696,,4.62,-1.555,1.594,-113.101873,105.424918,-74.9398
44773,,4.46,2.162,0.288,-13.136539,12.157018,22.586243
44910,,4.8,3.254,0.489,-5.847532,5.339885,18.777611
44947,,4.67,1.73,0.381,-12.781485,11.618266,34.664578
44952,,3.43,-2.253,-0.19,-52.268405,47.490561,-117.37957
44957,,4.99,-15.01,0.222,-52477.103581,47636.215793,-70547.463495
44972,,3.96,-2.146,-0.18,-57.282911,51.905154,-147.343168
45106,Miaplacidus,1.67,-1.032,0.07,-8.980712,8.001552,-32.546536
45204,,3.89,1.182,-0.06,-26.074955,22.995381,1.405035
45308,,4.92,0.73,1.084,-40.578389,35.395103,-42.938669
45317,,4.63,1.114,0.473,-30.231324,26.337334,-30.66932
45363,,4.8,2.028,0.199,-15.902851,13.801155,29.004929
45365,,4.34,-1.536,1.602,-60.68161,52.656261,-126.314357
45425,Aspidiske,2.21,-4.643,0.189,-90.887872,78.251756,-201.791538
45557,,3.82,0.906,0.066,-23.374361,19.815176,22.926164
45620,,4.77,-0.301,0.927,-77.350337,65.035285,-21.434127
45679,,4.8,0.631,0.913,-51.620293,43.129268,-11.323789
45724,,4.79,0.514,0.926,-25.507141,21.22407,-63.484685
45728,,3.14,-0.831,1.55,-39.512346,32.846027,35.17204
45770,,4.71,-1.229,1.633,-106.697986,88.35205,-67.462157
45809,Markeb,2.47,-3.751,-0.141,-77.65777,63.951481,-143.729782
45894,,4.71,0.86,0.892,-39.981104,32.606579,-28.402371
46014,,4.47,0.518,1.222,-43.149317,34.738124,27.236473
46239,,4.72,1.313,1.154,-34.907582,27.443238,-18.250853
46259,Alphard,1.99,-1.723,1.44,-43.003468,33.722848,-8.322089
46376,,4.59,3.396,0.411,-13.696743,10.590983,-0.837388
46382,,4.51,-2.181,1.408,-139.565679,107.824531,-127.90814
46518,,3.6,2.228,0.371,-11.382585,8.679058,-12.210922
46568,,3.16,-1.164,1.538,-31.754679,24.098313,-61.464914
46600,,3.65,1.766,0.36,-8.603035,6.510645,21.231076
46617,Alterf,4.32,-0.7,1.541,-74.131964,56.004334,39.376137
46637,,4.99,0.889,1.046,-51.752664,39.017676,12.9507
46643,,4.54,-1.463,0.109,-126.733075,95.515712,-3.281718
46720,,3.17,2.522,0.475,-6.693935,5.005096,10.57472
46819,,4.54,0.771,0.914,-36.727405,27.121579,33.6576
46841,,4.08,-3.965,-0.013,-167.414546,123.378853,-349.278931
46844,,4.54,2.019,0.781,-8.8633,6.529755,29.970273
46873,,4.47,-0.056,0.027,-39.843065,29.261248,63.389555
46896,,4.81,0.711,0.992,-41.037596,30.072439,42.121002
47042,,4.34,1.793,0.173,-17.076537,12.31308,-24.523729
47060,,4.28,-3.141,1.488,-37.32432,26.847884,301.391198
47072,,5,0.616,1.051,-60.718424,43.626147,8.962702
47177,,4.68,-0.105,1.31,-73.603912,52.281093,7.342101
47257,,4.51,0.309,-0.07,-27.144864,19.122006,-60.718624
47297,Ukdah,3.9,-0.635,1.313,-66.071937,46.325951,-1.609728
47373,Subra,3.52,0.512,0.516,-32.353394,22.412883,6.863686
47387,,4.76,-1.196,-0.117,-117.02204,80.966874,-62.145015
47457,,4.93,4.048,0.534,-11.318572,7.76158,-6.086167
47623,,4.78,-0.306,0.516,-76.378087,51.419982,-48.482449
47719,,3.69,-4.709,1.01,-183.781936,122.513039,-424.437591
47772,Ras Elased Australis,2.97,-1.424,0.808,-57.700126,38.244772,30.494289
47866,,2.92,-5.3,0.273,-155.321542,101.734428,-399.488275
48182,,3.78,1.02,0.291,-15.505407,9.784196,30.560252
48219,Zhang,4.11,-0.43,0.918,-66.227032,41.59319,-20.730703
48237,,4.58,-2.97,1.172,-188.586906,118.21116,-234.934131
48265,,4.55,-1.416,0.038,-77.666573,48.48156,126.314461
48318,Rasalas,3.88,0.978,1.222,-29.062466,18.02588,16.685015
48422,,4.87,-0.232,1.199,-80.420618,49.18277,-45.839772
48478,Felis,4.94,-1.435,1.559,-152.168245,92.455966,-61.341498
48635,,3.52,-4.921,-0.067,-242.953038,144.739494,-397.464518
48889,,4.68,-0.796,1.589,-106.845097,61.554441,17.426851
49261,,4.6,-0.315,-0.087,-82.143224,45.007279,-21.735618
49441,,3.48,-4.47,-0.031,-328.449984,175.868859,112.220999
49451,,4.49,2.236,0.19,-20.337129,10.878482,16.2967
49496,,4.39,-0.395,1.448,-78.745563,41.911852,15.725184
49500,,4.48,-0.215,-0.032,-76.698775,40.80808,-0.563531
49528,Regulus,1.36,-0.569,-0.087,-21.018857,11.132218,5.041397
49571,,4.85,-3.204,-0.12,-223.293293,117.558256,-320.807643
49700,,3.61,0.92,1.007,-29.938956,15.487743,-7.382812
49958,,3.29,-1.812,-0.074,-32.00779,16.00439,-98.524026
50050,,3.85,1.388,0.051,-20.660362,10.218175,-20.842511
50193,Adhafera,3.43,-1.192,0.307,-69.409312,33.594777,33.397009
50229,,3.39,-3.133,1.541,-87.13034,41.987831,-176.898605
50230,Tania Borealis,3.45,0.326,0.029,-27.815454,13.402145,28.706022
50413,,4.59,-4.182,1.6,-294.912958,138.127708,-465.594001
50422,,4.78,3.131,0.452,-18.248265,8.534898,7.122411
50440,Algieba,2.01,-0.994,1.128,-34.002797,15.860719,13.53874
50532,,4.5,-3.233,-0.102,-178.581258,82.409049,-292.063178
50653,,4.82,0.841,1.095,-42.523932,19.306177,-41.536251
50655,Tania Australis,3.06,-1.185,1.603,-48.161684,21.865099,46.794651
50702,,4.97,-0.482,-0.128,-44.04861,19.849599,-113.279863
50788,,4.94,-0.146,-0.052,-39.331229,17.484507,94.738965
50809,,3.99,2.939,0.369,-4.080371,1.808276,-15.597165
50911,,4.72,0.448,0.26,-54.504577,23.72371,39.788315
50924,,3.83,-0.45,1.456,-63.022703,27.373482,-20.792498
51027,,4.28,-0.971,1.429,-88.352579,37.890013,-57.918293
51047,,4.65,-15.35,0.474,-49216.266252,21041.305288,-84469.063012
51087,,3.81,-4.262,0.317,-196.531535,83.545339,-351.776134
51089,,4.2,0.831,0.908,-34.818822,14.800637,28.20798
51291,,4.72,0.208,0.042,-22.825726,9.415606,-75.95994
51312,,4.82,4.287,0.541,-6.613102,2.718087,10.592404
51348,,4.94,-2.562,1.677,-84.555297,34.577704,-302.983592
51375,,4.89,3.197,0.5,-11.954013,4.868385,-17.581178
51428,,3.3,-2.553,-0.089,-65.154868,26.316211,-130.423268
51475,,3.84,-16.16,-0.148,-91628.219948,36643.48097,16171.724913
51509,,4.72,2.023,0.222,-24.492411,9.742819,22.453613
51659,,4.86,0.461,0.957,-17.440256,6.774144,73.470305
51690,,4.11,-1.427,1.58,-23.590237,9.118277,-125.518147
51700,,4.45,-3.338,1.604,-180.676542,69.727876,-304.668464
51830,,4.87,-1.003,1.626,-124.132537,46.887988,-68.818523
51837,,3.84,1.696,0.3,-16.728402,6.3126,-20.015507
51860,,4.89,-1.704,2.8,-189.701165,71.346928,-48.226078
51934,,4.91,0.86,0.922,-57.920169,21.487818,-18.741882
51947,,4.68,-1.564,0.823,-141.042262,52.228946,93.894934
51951,,4.69,-4.595,1.562,-345.64003,127.941972,-617.847533
52003,,4.29,-2.766,1.025,-136.666108,50.211211,-212.666606
52219,,4.76,-0.956,-0.139,-56.531903,19.953693,-125.498543
52268,,2.74,-2.985,-0.22,-56.980945,19.910719,-125.948607
52317,,4.58,-3.138,1.7,-162.347956,56.267084,-304.520188
52351,,4.8,-1.092,-0.134,-62.61507,21.524887,-135.52
52481,,4.45,-0.708,-0.188,-16.754133,5.623468,-106.064858
52575,,2.69,-0.087,0.901,-22.183186,7.339648,-27.280949
52584,,4.87,-0.971,-0.149,-60.458367,19.978993,-132.799515
52789,,3.11,-0.111,1.232,-40.343946,12.793047,-12.291085
53075,Praecipua,3.79,1.472,1.04,-23.041794,6.900625,16.355475
53099,,3.78,1.458,0.945,-14.436596,4.310989,-24.92996
53141,,4.66,0.269,-0.039,-52.7979,15.644705,51.693196
53262,,4.3,-0.421,0.016,-76.740685,22.145239,36.821043
53347,,4.6,0.773,1.006,-44.696342,12.665166,-35.182633
53584,Alkes,4.08,0.638,1.079,-44.746057,12.036889,-15.32333
53618,,4.37,0.473,0.116,-43.044414,11.502641,-40.436502
53651,,4.84,-0.377,1.144,-106.589011,28.281073,6.971851
53669,,4.98,1.649,0.166,-44.565858,11.785895,4.927631
53751,,4.73,-1.537,1.593,-173.306253,44.95891,-7.76892
53754,Merak,2.34,0.399,0.033,-13.103033,3.398358,20.360601
53798,,4.42,1.472,0.053,-35.330409,9.082879,13.407184
53905,Dubhe,1.81,-1.07,1.061,-17.298705,4.33488,33.191332
54024,,4.62,2.308,0.332,-27.933018,6.832954,3.702177
54046,,4.92,1.741,0.369,-37.332873,9.078033,-19.825005
54143,,4.62,-0.814,0.988,-54.992171,13.065371,-108.229327
54304,,3.93,-16.07,1.225,-50249.82514,11464.949662,-85694.282278
54380,,3,-0.232,1.144,-30.843315,6.88533,31.054046
54522,,4.46,-0.631,0.025,-93.979241,20.122462,-40.451687
54591,,4.59,-15.41,0.541,-48463.829439,10168.720642,-86878.388235
54712,Zosma,2.56,1.294,0.128,-16.442201,3.337108,6.280742
54718,Chertan,3.33,-0.191,-0.003,-47.814213,9.675761,13.464276
54789,,4.56,-2.783,1.657,-265.39327,52.544691,115.372069
54921,,4.45,0.691,0.21,-55.346129,10.592461,-3.596235
55055,Alula Borealis,3.49,-1.949,1.4,-100.864256,18.476143,66.832099
55102,,4.76,0.912,0.113,-45.502825,8.201254,36.365276
55118,,3.56,-0.217,1.112,-54.199405,9.717642,-14.52639
55260,,3.9,-1.3,-0.157,-62.768014,10.783606,-89.257117
55269,,4.05,-0.096,-0.058,-66.140622,11.324464,7.087542
55395,,4.99,-1.076,0.998,-117.003029,19.146141,112.440475
55423,,5,-2.55,1.464,-257.910821,41.75929,-190.97388
55476,,4,2.129,0.423,-22.987695,3.648687,4.326252
55521,,4.81,-0.5,1.556,-111.927049,17.422325,-21.729917
55539,,4.06,2.05,0.216,-23.765377,3.670362,-7.667025
55779,,4.95,-1.233,1,-170.517134,24.012169,8.591477
55959,,4.77,-1.568,1.529,-183.381869,23.886401,-9.703152
56044,Giausar,3.82,-1.226,1.613,-35.773586,4.486959,95.570558
56113,,4.93,2.831,0.54,-22.772217,2.768505,-12.852752
56174,,3.54,0.544,0.947,-33.524411,3.96759,-20.978114
56311,,4.62,-0.962,-0.077,-75.883966,8.390759,-106.106941
56392,,3.11,-2.438,-0.044,-58.063196,6.158685,-114.692848
56464,,4.7,0.028,-0.073,-84.291063,8.605864,-14.638702
56478,,4.3,0.573,0.983,-55.361348,5.587078,-0.800036
56753,,4.7,-0.992,-0.07,-112.605217,9.746158,-78.393462
56816,,4.93,-2.247,1.111,-127.100039,10.620449,-240.786185
57003,,5,-15,0.784,-46071.906391,3318.666211,-88692.535842
57111,,4.71,-0.462,0.958,-102.494591,6.824337,-34.072715
57156,,4.84,1.975,0.174,-36.946879,2.37565,5.373462
57190,,3.63,0.675,0.16,-15.372609,0.966692,-35.814787
57208,,4.04,-0.733,1.501,-89.335882,5.519063,10.244433
57226,Taiyangshou,3.69,-0.063,1.181,-37.766969,2.301619,41.698309
57266,,4.11,-1.276,0.895,-57.496946,3.387322,-104.674396
57270,,4.89,5.066,0.664,-6.99949,0.412234,-5.988563
57392,,4.5,0.234,0.547,-66.839525,3.507123,24.651099
57408,,4.75,-0.849,1.522,-51.803121,2.659983,-121.112002
57459,Denebola,2.14,1.933,0.09,-10.633926,0.508011,2.767546
57496,,4.3,-2.006,-0.149,-80.518191,3.626595,-163.717351
57523,,4.98,-2.337,1.36,-98.2526,4.314042,-273.556324
57584,Zavijava,3.59,3.397,0.518,-10.914853,0.443379,0.336562
57630,,4.47,-1.146,1.283,-93.550664,3.616395,-94.189158
57678,,4.89,-0.339,-0.123,-46.566024,1.655874,-100.869132
57763,,4.29,-0.598,-0.1,-78.778366,2.438319,-52.978439
57828,Phecda,2.41,0.377,0.044,-15.094867,0.406425,20.552678
58309,,4.88,-0.344,-0.054,-22.630021,0.036908,-108.530587
58415,,4.65,-0.705,0.122,-117.000681,-0.445765,13.567178
58583,,4.32,0.032,0.28,-32.354329,-0.427074,-64.371212
58693,,4.72,-2.37,-0.081,-118.149652,-2.227465,-233.590654
58773,,4.12,0.623,0.967,-49.456789,-1.124272,7.599057
58895,,4.14,2.662,0.353,-8.465553,-0.254271,-17.847491
58994,,4.46,-1.182,-0.163,-85.149167,-3.005868,-103.953339
59016,,2.58,-2.943,-0.128,-80.490795,-2.936809,-98.48459
59020,Alchiba,4.02,3.149,0.334,-13.557668,-0.497944,-6.248321
59134,,3.02,-1.924,1.326,-89.88085,-3.973272,-37.486747
59267,,3.97,-1.355,-0.156,-70.823795,-3.603843,-91.980772
59565,Imai,2.79,-2.333,-0.193,-54.778605,-3.62525,-90.466
59592,Megrez,3.32,1.358,0.077,-13.402309,-0.903455,20.710384
59621,Gienah,2.58,-0.785,-0.107,-44.805937,-3.095058,-14.197066
59665,,4.93,0.513,0.957,-69.694731,-4.978144,31.029412
59674,,4.99,0.056,1.14,-81.077617,-5.848085,52.913399
59746,,4.06,-0.769,1.603,-34.578526,-2.656314,-85.667942
59816,,4.24,-0.567,-0.123,-16.913371,-1.356886,-89.904352
59826,,4.06,-1.14,-0.168,-47.906339,-3.862337,-98.554663
59945,Zaniah,3.89,-0.662,0.026,-81.054806,-7.05786,-0.946921
59988,,4.97,0.094,1.172,-93.89987,-8.35956,5.456403
60017,,4.72,-0.024,1.01,-84.291909,-7.640422,27.1625
60075,Ginan,3.59,-0.65,1.389,-34.656852,-3.239447,-61.275879
60166,,4.78,0.001,0.515,-80.90623,-7.970422,39.381767
60299,,4.76,-0.608,0.877,-73.252449,-7.707192,92.80608
60509,,4.92,0.283,0.277,-74.702206,-8.643693,38.761154
60522,,4.82,-0.869,-0.141,-85.02997,-9.886927,-107.427413
60530,Acrux,0.77,-4.202,-0.243,-44.363755,-5.171957,-88.034513
60554,,4.35,0.8,1.128,-44.854517,-5.296552,24.287368
60558,,4.98,0.328,0.088,-75.485835,-8.930421,38.439359
60635,,3.91,-1.596,-0.192,-80.166328,-9.857284,-97.048731
60776,Algorab,2.94,0.813,-0.012,-25.316094,-3.317674,-7.57057
60893,Gacrux,1.59,-0.579,1.6,-14.606901,-1.998688,-22.800748
60983,,4.3,2.99,0.388,-17.384353,-2.448661,-5.09915
61008,,3.84,-1.151,-0.157,-30.252522,-4.314584,-94.79796
61088,,3.85,-2.036,-0.116,-51.400013,-7.563147,141.115978
61124,Chara,4.24,4.608,0.588,-6.266213,-0.929293,5.576481
61166,Kraz,2.65,-0.6,0.893,-40.529889,-6.127261,-17.73539
61191,,4.95,-1.38,1.312,-62.314914,-9.517033,173.398985
61202,,4.8,-0.09,0.012,-86.726287,-13.290876,36.574715
61392,,2.69,-2.237,-0.176,-33.992375,-5.563974,-90.370102
61429,,3.85,0.827,0.049,-26.283342,-4.363283,-30.158275
61547,,4.66,-0.111,1.24,-87.830127,-15.189098,-12.519906
61596,,4.63,-0.613,-0.082,-84.409362,-14.836369,-71.88126
61739,,2.2,-0.805,-0.023,-25.771821,-4.720403,-30.097707
61748,Porrima,2.74,2.402,0.368,-11.488622,-2.111702,-0.295552
61767,,4.88,2.082,0.076,-35.09965,-6.487005,6.445292
61773,,4.91,-2.426,-0.044,-145.54617,-26.937819,-253.158623
61819,,4.66,0.826,1.075,-37.824555,-7.111282,-43.983916
62075,,4.69,1.86,1.049,-17.501322,-3.531603,-32.184876
62127,,3.04,-2.06,-0.178,-38.249334,-7.83061,-97.161472
62132,,4.62,-0.738,-0.15,-63.777619,-13.085451,-98.322988
62239,Mimosa,1.25,-3.407,-0.238,-42.168771,-8.909619,-73.723149
62487,,4.9,-0.544,-0.031,-99.245673,-22.314159,-68.611416
62566,,4.93,0.18,0.681,-77.024837,-17.675955,41.210244
62670,,4.33,-0.447,1.344,-57.69358,-13.61562,-68.05595
62689,,4.89,0.197,0.904,-78.728443,-18.645343,31.454488
62699,,4.25,0.957,0.224,-33.866046,-8.042527,-29.392978
62757,Alioth,1.76,-0.256,-0.022,-13.775959,-3.309169,20.972944
62785,,4.77,-1.343,1.59,-160.028453,-38.680014,-27.665937
62803,,4.03,-1.49,-0.18,-66.928408,-16.25159,-106.780004
62807,,4.62,-0.733,-0.153,-58.626976,-14.251893,-100.998151
62890,Minelauva,3.39,-0.53,1.571,-58.94191,-14.587593,3.604756
62925,Cor Caroli,2.89,0.157,-0.115,-26.795114,-6.684223,21.824384
63153,,4.76,-0.227,1.568,-91.732311,-24.118592,29.741363
63259,,4.88,-1.651,1.165,-167.925753,-45.211219,103.606856
63300,,4.93,2.902,0.368,-13.601724,-3.690939,21.18558
63405,Vindemiatrix,2.85,0.218,0.934,-31.782664,-8.840495,6.38806
63411,,3.61,1.384,1.19,-8.497455,-2.367379,-26.438289
63521,,4.83,0.68,0.029,-42.210157,-12.01494,-51.434446
63742,,4.71,-0.679,-0.148,-76.02441,-22.619947,-89.537224
63801,,4.27,-1.511,-0.182,-88.364964,-26.557271,-109.597766
63819,,4.8,-0.235,1.482,-86.200274,-26.016708,47.121741
63963,,4.94,0.685,1.048,-62.332323,-19.370955,-27.865588
64034,,4.38,-0.549,-0.008,-91.90017,-28.953908,-9.343987
64037,Diadem,4.32,3.065,0.455,-16.211012,-5.110375,5.368871
64189,,4.23,4.428,0.572,-7.676072,-2.489414,4.268726
64202,,4.85,3.273,0.693,-15.531004,-5.050305,-12.669384
64220,,4.58,-0.745,-0.073,-55.33929,-18.059147,-100.503154
64335,,4.94,-0.804,1.061,-102.130763,-34.031654,90.82094
64378,,4.9,3.6,0.489,-8.858292,-2.974795,-15.615439
64456,,4.79,-0.558,-0.078,-41.808581,-14.24278,-108.743263
64615,,4.86,-2.959,1.48,-136.279795,-47.735769,-336.637835
64639,,4.72,0.177,0.306,-58.064795,-20.431424,52.70761
64647,,4.78,-1.8,1.638,-194.393291,-68.461175,19.735435
64720,,4.74,5.079,0.709,-7.651172,-2.724657,-2.6878
64758,,2.99,-0.076,0.92,-35.509172,-12.735386,-16.146279
64904,,2.75,1.471,0.068,-13.562569,-4.976416,-10.773082
65066,,4.52,-0.661,-0.141,-49.326495,-18.597689,-95.056771
65173,Mizar,2.23,0.129,0.057,-14.115808,-5.413302,21.531272
65182,,4.52,0.01,0.822,-32.034113,-12.298035,-72.055449
65269,Spica,0.98,-3.44,-0.235,-69.990853,-27.285826,-14.82176
65272,Alcor,3.99,1.995,0.169,-13.393436,-5.223608,20.521915
65433,,4.76,0.09,1.096,-76.652995,-30.757106,-23.642083
65515,,4.97,3.695,0.714,-16.183798,-6.57404,4.283711
65729,,3.9,-3.318,1.186,-197.912019,-83.036359,-176.341407
65798,,4.68,-0.762,1.606,-112.142683,-47.58139,-13.35391
65991,,4.92,1.154,0.029,-51.839033,-22.575812,3.615721
66025,,4.68,0.967,0.132,-33.218997,-14.522401,41.729729
66040,Heze,3.38,1.599,0.114,-20.799365,-9.118725,-0.236175
66048,,4.91,1.612,0.404,-33.31178,-14.622295,27.596139
66249,,4.82,0.897,0.239,-44.71347,-20.250115,36.049969
66447,,2.29,-3.297,-0.171,-70.726493,-32.9381,-105.309044
66527,,4.63,-1.398,1.63,-83.974953,-39.487818,130.971319
66609,,4.99,0.39,-0.055,-43.564759,-20.720131,-67.780239
66941,,4.23,2.791,0.39,-14.565089,-7.237099,-10.579613
67023,,4.64,0.111,0.955,-44.857648,-22.525817,-62.953029
67063,,4.5,3.532,0.508,-13.296143,-6.720908,4.685085
67088,Alkaid,1.85,-0.667,-0.099,-18.529548,-9.394541,24.164506
67244,,4.19,0.445,1.52,-41.097871,-21.267942,-31.745313
67246,,4.05,-0.486,1.52,-69.023958,-35.731771,21.990689
67251,,3.41,-2.223,-0.225,-88.774682,-45.96956,-89.0322
67259,,3.47,-2.482,-0.17,-101.522043,-52.633292,-104.690333
67267,,4.92,-0.53,1.432,-101.741463,-52.801922,44.608525
67281,,4.96,0.587,1.059,-63.160729,-32.834359,-23.313996
67414,,4.58,-0.703,1.572,-42.996051,-22.724978,102.990335
67451,,4.76,-1.566,1.611,-134.161606,-71.178319,104.162586
67455,,4.32,-0.794,-0.146,-78.066399,-41.432939,-57.38178
67572,,4.75,-1.704,-0.111,-145.949303,-78.592981,-103.290534
67711,Muphrid,2.68,2.396,0.58,-9.487671,-5.188142,3.596709
67786,,2.55,-2.793,-0.176,-69.545858,-38.36753,-86.039492
67973,,4.71,0.67,1.075,-24.81664,-13.990315,-57.608415
68027,,3.83,-2.205,-0.224,-103.91994,-58.957456,-107.960807
68064,,3.87,-1.717,-0.208,-80.799834,-46.030955,-92.356336
68302,,4.23,0.037,0.121,-59.454971,-34.898261,1.858889
68305,,4.34,-3.61,0.598,-234.7235,-137.883491,-278.02121
68483,Hadar,0.61,-4.789,-0.231,-50.954051,-30.56287,-104.478695
68537,Thuban,3.67,-1.171,-0.049,-34.416017,-20.758849,83.796391
68642,,4.36,-1.612,-0.198,-100.416272,-61.562968,-103.039485
68675,,3.25,0.796,1.091,-23.563202,-14.492156,-13.902421
68714,Menkent,2.06,0.78,1.011,-12.358808,-7.624204,-10.694288
68892,,4.8,-0.932,1.368,-25.551841,-16.098449,136.761257
68971,,4.74,1.002,0.938,-28.104578,-17.889697,-44.922838
69004,,4.82,1.954,0.541,-28.553661,-18.260634,15.870824
69047,,4.93,-0.82,1.684,-114.065691,-73.257993,-39.647028
69167,,4.99,0.497,-0.118,-66.294802,-43.160756,3.328595
69205,Kang,4.18,-0.284,1.323,-64.306477,-42.119366,-13.933635
69261,,4.53,1.031,0.233,-25.879926,-17.045792,39.366041
69451,Arcturus,-0.05,-0.307,1.239,-8.823448,-5.932531,3.698938
69479,Syrma,4.07,2.335,0.511,-18.333625,-12.367873,-2.324624
69491,,4.75,2.433,0.236,-15.038822,-10.159621,22.708137
69510,Xuange,4.18,1.769,0.087,-17.435524,-11.802923,21.870286
69656,,4.8,0.526,1.057,-48.021385,-33.003256,41.577411
69673,,4.89,1.756,0.243,-5.449691,-3.753584,-41.816579
69751,Khambalia,4.52,0.734,0.128,-45.689342,-31.728277,-13.222219
69773,,3.55,-1.527,-0.184,-59.012186,-41.092372,-74.616044
69804,,4.84,1.048,1.228,-45.113965,-31.517003,16.099914
69846,,4.3,-3.576,0.082,-170.308593,-119.612433,-313.079238
69867,,4.05,-0.448,-0.03,-51.22272,-36.052443,-48.736704
69881,,4.78,1.585,0.31,-25.090555,-17.684637,-30.897712
70041,,4.76,-0.59,0.795,-49.947049,-35.830428,-100.149001
70077,,4.41,-1.325,-0.185,-87.805198,-63.232405,-89.233929
70083,,4.78,1.362,1.3,-34.652085,-24.968032,-22.474799
70104,,4.86,0.765,0.01,-52.855263,-38.182948,9.682766
70274,,4.04,3.229,0.497,-7.233871,-5.313642,11.426925
70351,,4.56,-3.062,-0.147,-189.284544,-140.238457,-237.402618
70353,,4.33,-0.623,0.434,-55.216146,-40.925029,-69.645036
70415,,4.31,-0.501,1.3,-8.102137,-6.04578,-91.09986
70470,,4.25,-0.957,1.431,-21.740786,-16.312428,106.600575
70530,,4.97,-0.437,-0.074,-83.806756,-63.252607,-59.38447
70532,Elgafar,4.81,2.013,0.693,-28.915866,-21.829712,-1.409548
70828,,3.57,0.115,1.298,-33.395248,-26.051319,24.820934
70851,Seginus,3.04,0.915,0.191,-16.449442,-12.860715,16.49506
70895,,4.44,-1.792,-0.177,-88.295016,-69.367614,-136.005022
71058,,4.47,3.472,0.364,-10.732826,-8.589414,7.855332
71125,,2.33,-2.529,-0.157,-54.086167,-43.605833,-62.903
71310,,4.05,-0.882,-0.152,-48.652444,-40.065743,-73.601256
71453,Toliman,1.35,5.739,0.9,-0.495181,-0.413973,-1.156674
71456,Rigil Kentaurus,-0.01,4.379,0.71,-0.495203,-0.414084,-1.156625
71536,,4.49,-0.369,-0.002,-68.683281,-58.003926,26.48999
71569,,3.78,0.123,0.044,-39.925583,-33.844144,12.786515
71606,,4.86,-1.224,0.992,-124.167279,-105.717469,23.388495
71634,,2.3,-3.468,-0.154,-73.354913,-62.611867,-104.837277
71639,,4.01,-1.074,-0.157,-62.472079,-53.33727,-63.702434
71682,,3.18,2.083,0.256,-5.319852,-4.563974,-15.014538
71731,,3.87,2.561,0.385,-13.771311,-11.872446,-1.801463
71769,,4.8,-1.872,1.672,-146.161613,-126.411397,96.464975
71783,,4.06,0.021,1.356,-39.672777,-34.383013,-36.997668
71878,,4.92,0.832,0.013,-40.37152,-35.400729,-37.865647
71879,Izar,2.35,-1.616,0.966,-41.582771,-36.462926,28.269741
71899,,4.6,0.239,0.972,-53.536518,-47.049953,21.741799
71994,,3.73,0.654,-0.005,-30.838211,-27.343068,1.362104
72144,,3.83,-1.853,1.433,-19.356924,-17.40793,-134.489842
72345,,4.42,-0.613,1.366,-66.036951,-60.664821,-47.600014
72380,Kochab,2.07,-0.948,1.465,-8.058164,-7.429707,38.619407
72396,Zubenelgenubi,2.75,0.919,0.147,-16.408581,-15.151818,-6.421874
72404,,4.93,0.799,0.988,-49.174688,-45.463719,-2.688834
72432,,4.54,5.406,0.72,-4.650321,-4.313397,2.196442
72456,,4.32,-1.146,-0.154,-65.752375,-61.121404,-85.416131
72938,,4.47,2.321,0.318,-19.200694,-18.734445,-2.038952
72972,,4.63,-1.114,1.59,-41.041157,-40.184665,128.600839
73046,,2.68,-2.668,-0.184,-60.951955,-60.176134,-80.247234
73107,,3.13,-2.22,-0.208,-61.87283,-61.421692,-78.787457
73246,,4.91,0.139,0,-62.675871,-63.210037,-13.333557
73327,Nekkar,3.49,-0.706,0.956,-36.876434,-37.508062,44.750903
73340,,4.8,-0.483,1.506,-72.311167,-73.654077,48.148906
73392,,4.39,0.502,1.026,-41.79953,-42.871209,2.186454
73467,,4.83,4.344,0.647,-5.858189,-6.055134,9.244209
73486,Brachium,3.25,-1.483,1.674,-55.51919,-57.527085,-37.760649
73517,,4.52,0.133,1.24,-46.60506,-48.449153,34.176087
73579,,3.91,-1.756,-0.144,-63.981638,-66.905071,-99.451605
73768,,4.93,3.474,0.429,-12.138752,-12.937889,8.223444
73889,,4.07,-2.814,-0.162,-113.806447,-122.946676,-169.179119
74148,,3.88,0.171,-0.029,-24.36173,-27.040918,-41.484457
74164,,4.54,-0.79,-0.071,-73.216302,-81.473155,-39.418088
74167,,3.41,0.63,0.918,-14.765283,-16.43956,-28.383941
74221,,4.83,-1.115,-0.177,-73.468343,-82.188968,-108.333069
74376,,4.91,-3.976,0.374,-337.201135,-383.227256,-313.043658
74438,,3.46,0.599,0.961,-20.5232,-23.506036,20.509246
74556,Zubeneschamali,2.61,-1.16,-0.071,-36.549398,-42.420251,-9.252607
74595,,4.07,1.645,0.088,-10.304156,-12.012956,-26.134351
74608,,4.85,-0.635,1.26,-36.147448,-42.191897,-111.974081
74628,,4.35,-0.648,1.1,-56.151802,-65.647023,-50.174358
74682,,4.27,-0.792,-0.086,-44.694142,-52.577545,-76.305318
74717,,2.87,-0.885,0.014,-13.248562,-15.637336,-52.51191
74868,Pherkad,3,-2.87,0.058,-29.797327,-35.741213,141.814461
74912,,3.22,-3.945,-0.227,-131.223518,-158.301112,-176.532145
74948,,3.57,-1.06,1.534,-43.289327,-52.423754,-49.870803
74977,,4.99,2.217,0.515,-15.270778,-18.547654,-26.615201
75035,,3.37,-2.609,-0.191,-70.733584,-86.328198,-110.402888
75075,,4.54,-1.47,-0.155,-80.54436,-98.718294,-95.516062
75083,,4.99,3.73,0.577,-9.748862,-11.953838,9.009316
75094,,4.48,-1.212,0.169,-44.315595,-54.422257,-118.299395
75150,,4.92,2.447,0.453,-19.315192,-23.894489,-5.596007
75182,Alkalurops,4.31,1.609,0.309,-17.300377,-21.457918,21.056469
75229,Edasich,3.29,0.831,1.166,-10.015969,-12.471787,26.585776
75272,,4.6,-0.802,0,-58.64798,-73.294368,-75.294841
75466,Nusakan,3.66,0.985,0.319,-18.45833,-23.589253,16.675351
75777,,5,-2.095,1.545,-34.710382,-45.818632,256.095209
75811,,4.98,-0.399,0.086,-54.221334,-71.812586,77.944174
75895,,4.14,-1.165,-0.127,-58.818354,-78.716957,59.88489
75987,,4.61,2.303,1,-16.923971,-22.908696,-5.055242
76035,Alphecca,2.22,0.41,0.032,-12.176093,-16.558746,10.343974
76044,,3.8,-0.423,0.268,-40.700384,-55.408101,12.790326
76065,,2.8,-2.753,-0.216,-57.388809,-78.369378,-84.935884
76100,Zubenelhakrabi,3.91,0.414,1.007,-28.510476,-39.071229,-12.769777
76137,,4.55,-1.04,-0.175,-54.620726,-75.101405,-92.728795
76206,,4.11,0.154,1.161,-14.537768,-20.142359,-56.634489
76235,,3.6,-0.581,1.361,-35.331726,-49.089777,-32.34227
76317,,4.34,0.209,1.412,-28.655317,-40.193087,-45.338837
76365,,3.66,-1.595,-0.177,-56.468031,-79.646617,-55.864673
76433,,4.64,-1.169,-0.103,-67.060303,-95.220854,86.607536
76469,,4.66,0.519,0.964,-31.911503,-45.475588,-38.056383
76506,,4.97,-0.375,1.302,-61.407298,-87.928448,-47.34271
76593,,4.64,3.433,0.413,-7.060857,-10.196187,-12.256524
76616,,4.51,0.683,0.062,-31.169694,-45.162348,19.615863
76644,,4.75,-0.13,1.574,-50.473595,-73.402915,-31.858778
76709,,4.75,-0.486,-0.151,-51.68183,-75.680182,-63.481486
76716,,3.81,0.554,0.02,-22.633064,-33.161033,19.838868
76819,,4.29,-0.978,0.038,-13.368655,-19.830791,110.565025
76835,Unukalhai,2.63,0.852,1.167,-12.5786,-18.695648,2.537718
76997,,3.65,0.264,0.073,-25.268927,-38.245168,12.644945
77022,,4.42,4.002,0.604,-6.61701,-10.039373,1.551618
77214,Gudja,4.09,-1.253,1.616,-60.303137,-93.518027,36.45959
77276,,4.59,1.004,0.794,-25.233535,-39.454341,22.911467
77280,,3.54,-0.04,-0.036,-27.963131,-43.733196,-3.11142
77386,,3.71,2.038,0.147,-11.504554,-18.201236,1.686207
77398,,3.97,0.085,-0.045,-26.597559,-42.137857,-33.141039
77399,,4.63,-1.276,-0.072,-72.942357,-115.583258,-65.928041
77420,,4.79,2.369,0.996,-13.201328,-20.969886,17.777763
77426,,4.74,-0.562,1.534,-57.164285,-90.832595,41.150151
77524,,4.6,3.594,0.563,-6.184702,-9.962833,10.727031
77604,,4.59,-1.349,-0.073,-72.9707,-118.626076,-65.914612
77617,,4.13,0.565,1.003,-25.878383,-42.157652,-14.868305
77716,,2.83,2.367,0.315,-2.869157,-4.734869,-11.070637
77836,,3.85,3.594,0.478,-5.56255,-9.299226,3.038014
77868,Iklil,3.87,-1.933,-0.199,-64.636099,-108.519131,-70.633018
77923,,4.14,-0.019,1.231,-30.827626,-52.120195,30.691703
77944,,4.96,2.33,0.269,-9.851524,-16.689694,27.422336
77971,,4.95,-0.834,-0.08,-70.468723,-119.858644,-35.387341
78029,Fang,2.89,-3.381,-0.18,-81.301517,-139.203202,-79.023364
78087,,4.99,-0.64,0.988,-50.061036,-86.276885,-89.01174
78148,,3.42,-2.24,-0.206,-53.049208,-91.997111,-84.160334
78165,Dschubba,2.29,-3.599,-0.117,-69.332609,-120.492107,-57.928452
78256,,4.98,0.078,-0.05,-41.006057,-72.068531,47.585683
78290,,4.01,2.395,0.528,-5.406623,-9.545392,17.947647
78316,,4.82,1.123,0.066,-24.857149,-44.067053,21.272513
78354,,4.72,-0.563,-0.094,-38.693912,-68.950542,81.980038
78400,,4.65,0.51,0.902,-21.436686,-38.362307,-50.964612
78411,,4.96,0.941,1.234,-27.911645,-50.01563,-27.769154
78416,,4.9,-0.542,-0.146,-46.648755,-83.642133,-76.460056
78423,,4.63,1.653,0.252,-10.219274,-18.348137,-33.318582
78580,Acrab,2.56,-2.906,-0.065,-55.881427,-102.320756,-41.98604
78581,Acrab B,4.9,-0.534,-0.024,-55.06152,-100.825111,-41.363651
78673,,4.73,1.859,0.23,-12.567618,-23.26531,-26.603102
78678,,4.22,-1.3,-0.184,-48.315728,-89.537659,-76.118957
78693,,3.93,-1.869,-0.046,-64.096463,-119.048882,-51.007488
78750,,4.31,-0.44,0.831,-39.288097,-73.429979,-31.749432
78804,Marsic,5,-0.26,0.931,-50.571259,-95.186266,33.050231
78861,,4.23,0.249,-0.045,-20.653027,-39.159373,44.171451
78879,,4.73,1.962,1.015,-13.395982,-25.453931,21.277041
79134,Jabbah,4,-1.812,0.076,-62.219516,-122.106847,-48.424462
79135,,4.93,1.537,0.087,-21.326559,-41.855643,-8.337413
79164,,4.58,-1.254,-0.172,-58.749059,-115.679869,-68.771937
79270,,4.95,-0.64,1.017,-34.049566,-67.905705,-107.012462
79352,Yed Prior,2.73,-0.869,1.584,-23.290749,-46.890988,-3.380547
79423,,3.86,-2.49,1.105,-36.369544,-74.106715,-166.92277
79548,,4.97,-3.298,0.788,-125.594972,-260.4305,-345.408995
79580,,4.95,2.584,0.393,-3.16421,-6.597182,28.821068
79639,,4.8,1.721,0.008,-15.561451,-32.734844,-19.773139
79640,Yed Posterior,3.23,0.661,0.966,-13.962311,-29.378579,-2.669978
79750,,3.91,-0.961,-0.151,-27.579279,-58.969611,68.155258
79759,,4.01,1.028,1.08,-10.705758,-22.916885,-30.311157
79805,,4.68,-2.163,1.68,-19.292589,-41.537057,-229.112108
79837,,4.55,-2.603,0.758,-103.308338,-223.161079,-110.3597
79870,Alniyat,2.9,-3.749,0.299,-80.536239,-175.075401,-92.301792
79928,,3.74,-0.117,0.299,-23.156213,-50.764845,19.379328
79938,,4.82,2.642,0.338,-11.298928,-24.814028,0.489742
79939,,4.86,1.11,0.97,-19.996134,-43.926804,28.876225
80089,Athebyne,2.73,0.476,0.91,-5.477258,-12.300885,24.814526
80101,,4.48,0.548,0.996,-23.347455,-52.502771,-20.956111
80221,Cujam,4.57,0.146,0.002,-29.840058,-68.151905,18.595479
80232,,4.57,-0.652,0.227,-40.680497,-93.09769,-44.064588
80327,,4.22,-1.815,0.217,-60.281719,-140.349876,-50.979132
80339,,4.46,-1.596,-0.07,-43.237191,-100.860395,-119.987381
80385,,4.62,1.559,0.185,-15.861867,-37.279145,-5.962071
80406,,4.94,-0.93,-0.051,-21.123039,-49.752839,139.122681
80442,,4.9,4.483,0.555,-1.604938,-3.802618,-11.392224
80460,,4.83,-0.349,1.289,-31.377501,-74.500728,72.485826
80519,Antares,1.06,-5.089,1.865,-58.542602,-140.307591,-75.574766
80570,,4.79,-0.725,-0.116,-43.820533,-106.064194,-53.794689
80571,Kornephoros,2.78,-0.37,0.947,-15.155861,-36.689058,15.62843
80637,Marfik,3.82,0.195,0.022,-20.104527,-49.089266,1.837527
80648,,4.29,-0.076,0.924,-27.057672,-66.252771,-21.351768
80665,,4.24,-1.913,-0.168,-52.724123,-129.490726,-96.826889
80729,,4.45,0.882,0.13,-17.999307,-44.626441,-18.922208
80762,,4.84,-0.32,1.495,-39.257539,-97.909002,21.438472
80819,,3.86,0.458,0.923,-3.402312,-8.577006,-47.018913
80876,,4.86,-15.14,0.045,-26319.328919,-66887.114646,-69522.707339
80880,,4.2,-0.723,-0.013,-26.078761,-66.292176,65.133106
81020,Paikauhale,2.82,-2.992,-0.206,-45.960032,-119.546841,-68.7205
81058,,4.18,-0.927,1.535,-30.608471,-80.128932,-60.632448
81130,,2.54,-2.711,0.038,-39.017319,-103.200447,-20.582092
81249,,4.86,-0.66,1.562,-28.98069,-78.289781,95.792318
81411,,4.84,-1.928,1.212,-32.76434,-91.154503,203.894615
81444,,2.81,2.66,0.65,-3.073152,-8.593139,5.615032
81474,,4.91,-0.599,1.095,-40.404777,-113.427584,-38.525124
81583,,3.48,0.867,0.916,-8.555377,-24.463195,20.928253
81602,,4.23,0.818,1.06,-3.425923,-9.82102,-46.985394
81770,,4.84,2.756,0.375,-4.580191,-13.550466,21.84311
81830,,4.21,-0.637,0.897,-4.098102,-12.242736,92.297935
82022,Atria,1.91,-3.482,1.447,-13.127447,-40.804561,-111.826781
82070,,4.82,1.108,0.087,-11.66607,-36.574998,39.731338
82112,,3.77,-1.043,1.562,-14.233672,-44.996851,-78.673358
82118,,4.64,2.116,0.478,-9.468343,-29.953991,-5.983039
82144,Larawag,2.29,0.836,1.144,-4.842163,-15.39568,-11.006616
82263,Xamidimura,3,-2.932,-0.2,-35.43289,-115.66204,-94.671563
82294,Pipirima,3.56,-2.252,-0.21,-33.31875,-109.554458,-89.520712
82419,,4.7,-4.781,0.444,-165.254768,-557.850047,-530.561119
82421,,4.39,0.009,-0.088,-21.016847,-70.960621,13.269872
82477,,3.62,0.579,1.393,-8.440449,-28.763155,-27.33475
82607,,4.88,3.963,0.481,-1.767632,-6.167324,13.843316
82745,,3.19,0.951,1.16,-7.432411,-26.650562,4.567947
82826,,3.12,-2.746,1.552,-22.05913,-80.386753,-123.53816
82898,,4.06,-1.159,1.452,-17.282386,-64.033737,-88.530893
82952,,3.92,0.535,-0.018,-10.50257,-39.395153,24.426522
83007,,4.82,-0.651,1.483,-31.510319,-119.812027,-9.146869
83175,,4.97,-0.445,1.6,-28.838773,-113.826006,29.476938
83317,,4.83,-15.17,0.257,-19738.749294,-80395.923411,-56097.034524
83351,,4.91,2.718,0.471,-3.766782,-15.491692,22.326644
83358,,4.89,1.833,0.125,-9.410291,-38.733409,9.01272
83638,Aldhibah,3.17,-1.845,-0.12,-9.178442,-40.388128,91.793254
83755,Sabik,2.43,0.266,0.059,-5.602493,-25.470005,-7.342684
83885,,3.32,1.556,0.441,-3.401345,-16.05484,-15.432267
84086,Rasalgethi,2.78,-2.432,1.164,-20.995512,-104.709944,27.400863
84121,Sarin,3.12,1.308,0.08,-4.075476,-20.503689,9.676738
84122,,3.16,-2.152,1.437,-18.017787,-90.679203,69.185936
84147,Guniibuu,4.33,5.464,0.855,-1.027046,-5.204798,-2.656955
84256,,4.72,0.72,1.119,-11.872792,-61.962339,-0.490336
84315,,4.8,-1.749,-0.166,-31.649594,-168.007506,111.449558
84348,,4.64,0.986,0.043,-7.859219,-42.067341,32.591167
84622,,4.32,0.347,0.037,-10.332265,-59.860544,-13.853358
84636,,4.39,3.193,0.394,-2.741337,-15.956245,-6.251407
84710,,4.76,-0.039,1.194,-5.693181,-34.013168,-84.382697
84711,,3.27,-2.36,-0.186,-19.992891,-119.503681,-56.498782
84853,,4.15,-1.257,-0.011,-15.173056,-94.947155,72.840377
84999,,2.84,-3.644,1.479,-16.904234,-110.792345,-163.251778
85008,,3.31,-4.356,-0.15,-28.42707,-186.83103,-284.199972
85081,,4.16,2.128,0.283,-3.40098,-23.010733,-10.441731
85096,,4.34,-2.866,1.48,-40.112693,-272.586309,19.944743
85106,,4.53,2.139,0.385,-4.346256,-29.639799,-2.666506
85164,,4.28,1.609,0.402,-4.211689,-29.367376,-17.037061
85410,Rastaban,2.79,-2.543,0.954,-9.169333,-70.678899,92.218765
85433,Maasym,4.41,-0.86,1.434,-12.948576,-100.86468,49.842035
85436,Lesath,2.7,-3.536,-0.179,-17.880984,-139.40881,-107.054828
85467,,3.6,-0.315,-0.104,-3.736759,-29.474564,-52.908519
85494,,4.78,-0.694,0.016,-14.138881,-112.775053,-50.514993
85530,,2.84,-1.728,-0.136,-6.473763,-52.424912,-62.676478
85557,,4.89,2.487,0.251,-2.091471,-17.142584,24.833263
85560,Yildun,4.35,0.738,0.021,-0.379972,-3.119005,52.676703
85567,,4.86,2.439,0.279,-2.101791,-17.284211,25.026701
85665,Shaula,1.62,-4.597,-0.231,-16.048583,-138.749793,-105.649898
85769,Rasalhague,2.08,1.215,0.155,-1.587067,-14.453242,3.239454
85829,,4.56,-0.762,-0.02,-8.464162,-79.397322,-84.158121
85907,,4.26,0.729,1.075,-4.056689,-39.503921,-31.741494
85939,,4.77,2.946,0.43,-0.842597,-8.350132,21.590264
85965,Sargas,1.86,-2.961,0.406,-6.654055,-67.016643,-62.796539
85998,,3.54,0.995,0.262,-3.038557,-30.971085,-8.570974
86019,,4.58,-2.243,0.132,-22.118191,-228.091396,-32.691082
86148,,3.82,-1.902,-0.179,-8.66837,-96.48418,100.3369
86219,,4.76,3.103,0.415,-1.192144,-13.903682,-16.290191
86298,,4.24,0.614,0.086,-4.193749,-51.601055,-11.833705
86347,Dziban,4.57,2.777,0.434,-0.551088,-6.978598,21.736754
86403,,2.39,-3.463,-0.171,-8.785101,-114.747994,-93.292778
86469,,4.86,3.626,0.469,-1.184939,-16.360471,-6.522104
86475,Cebalrai,2.76,0.762,1.168,-1.802333,-24.949291,1.998237
86661,,3.61,-1.557,1.161,-2.868557,-46.020948,-97.652295
86705,,3.42,3.822,0.75,-0.434406,-7.3437,3.865655
86803,,4.53,-2.871,0.6,-14.494275,-266.775691,-141.045839
86804,,2.99,-5.871,0.509,-24.497404,-451.772701,-381.351324
86839,,3.75,1.257,0.043,-1.662293,-31.436744,1.488597
86950,,4.79,-1.371,-0.028,-6.855199,-145.022595,-89.679005
86991,Fuyue,3.19,0.258,1.192,-1.362278,-30.763993,-23.24156
87024,,4.78,-4.684,0.259,-25.587827,-597.130794,-503.121757
87314,Grumium,3.73,1.04,1.177,-0.532395,-18.850278,28.897629
87537,,3.86,-2.958,1.35,-3.005409,-183.808118,139.792353
87561,Eltanin,2.24,-1.134,1.521,-0.436154,-29.451035,37.014357
87574,,4.85,0.106,1.176,-0.890266,-63.565402,-62.128538
87661,,3.7,0.587,0.935,-0.356945,-36.596981,20.49449
87664,,4.88,-0.827,1.617,-0.993888,-103.381565,-92.166629
87726,,4.41,-2.697,0.38,-1.490198,-228.060606,132.680139
87775,,3.32,-0.004,0.987,-0.193436,-45.539708,-7.844563
87788,,5,-2.461,1.654,-1.067485,-268.261352,-156.465615
87844,,4.74,-0.786,-0.03,-0.105488,-116.540665,-51.439783
87856,,4.67,-1.897,1.254,0.048945,-197.029965,59.302737
87877,,4.79,-1.711,-0.1,0.228655,-199.020638,15.204156
87902,,4.62,2.76,0.39,0.049583,-23.502332,-1.515823
87920,,3.93,-3.954,0.029,1.061054,-376.863133,19.299314
87994,,4.26,-1.274,0.406,0.78172,-118.897851,47.065883
88018,,4.42,-0.344,0.046,0.685936,-89.660264,2.042683
88131,,4.77,1.218,0.41,0.683287,-50.807469,-7.304342
88293,,4.66,-2.47,0.774,5.079766,-231.855248,-131.637134
88327,,4.03,5.499,0.86,0.120862,-5.077062,0.221741
88361,Alnasl,2.98,0.616,0.981,0.648969,-25.602281,-15.040072
88382,,4.96,-1.813,1.656,5.511553,-209.372067,85.553275
88439,,3.65,-3.334,-0.101,4.628533,-159.924037,-191.28926
88451,,4.92,1.812,0.255,0.905675,-30.374417,-28.761768
88488,,4.64,0.029,0.951,2.634065,-82.600446,12.696067
88494,,3.71,1.583,0.159,0.842022,-26.247342,4.424647
88512,,5,-0.495,0.913,2.975131,-91.136249,86.415949
88517,,3.84,-1.237,-0.018,2.989087,-90.792184,49.863048
88562,,4.55,-0.534,0.938,3.222545,-91.333373,-49.532254
88589,,4.33,1.328,0.228,0.66171,-17.666424,-35.720985
88610,,4.37,-2.873,-0.164,10.031459,-262.374329,99.815819
88835,,4.52,-1.02,1.009,4.365484,-89.024955,-92.151983
88876,,4.96,0.486,1.055,3.674512,-71.778373,-31.55161
88895,,4.96,-1.153,1.643,7.396773,-142.29571,86.993204
89064,Polis,3.84,-16.16,0.195,5600.996443,-93152.961403,-35932.639895
89071,,4.99,3.189,0.44,0.600206,-9.886041,20.669241
89364,,3.1,-0.154,1.582,2.754228,-35.738834,-26.777975
89400,,4.66,-2.183,1.629,16.375476,-207.454698,-106.227399
89548,,4.33,-0.107,1.162,5.398691,-62.138782,45.423984
89583,,4.92,-0.479,1.594,9.859953,-111.033545,44.949429
89630,,4.22,-0.619,-0.093,2.687254,-29.589204,87.96844
89640,,4.85,0.338,0.911,7.249918,-79.403247,4.705156
89653,Kaus Media,2.72,-2.419,1.38,8.460232,-92.098382,-53.027575
89660,,3.55,4.019,0.489,0.219434,-2.381656,7.694536
89684,,3.23,1.889,0.941,1.719456,-18.438938,-0.937748
89819,,4.35,-1.437,1.462,6.937554,-68.218953,-126.259656
89856,,4.66,0.651,0.932,6.451297,-62.269156,-9.841775
89860,,3.85,1.04,1.168,3.495833,-33.687362,13.525603
89877,,4.98,1.221,0.082,3.046033,-29.090824,48.29866
89906,Kaus Australis,1.79,-1.424,-0.031,3.817188,-36.057831,-24.812975
90010,,4.81,-0.688,1.31,13.002383,-117.068408,-44.136913
90065,Fafnir,4.82,-0.103,1.179,4.51784,-39.674686,87.878659
90143,,3.49,-1.162,-0.179,6.951907,-58.794382,-61.23999
90217,Kaus Borealis,2.82,0.922,1.025,2.635486,-21.487046,-10.289309
90288,,4.1,1.161,0.995,3.180986,-25.152757,-29.238082
90315,,4.67,-0.285,0.076,12.044075,-94.026655,-24.631831
90515,,4.63,-1.015,-0.116,8.543936,-62.022507,-119.141451
90548,,4.92,-1.761,-0.101,20.84525,-149.470411,-155.81481
90623,,4.77,-4.292,0.611,50.037861,-349.665988,544.872436
90700,,4.62,-1.544,0.994,18.41312,-125.059291,-115.072484
90835,,3.85,-0.078,1.317,9.245186,-59.708018,-8.754035
90979,Vega,0.03,0.604,-0.001,0.960565,-5.908009,4.809731
91441,,4.7,0.735,0.358,11.242967,-60.259791,-9.766549
91507,,4.01,-0.12,1.134,3.982268,-20.957449,-63.491109
91559,,4.88,-1.208,1.112,30.823598,-160.362815,-23.750503
91632,,4.86,-0.918,-0.168,22.344567,-114.094971,-83.364626
91633,,4.67,1.185,0.17,7.366292,-37.5992,31.775155
91639,,4.59,1.198,0.18,7.069425,-36.050085,30.404986
91684,,4.34,0.94,0.192,7.36169,-37.202578,29.210771
91737,,4.78,2.502,0.199,2.388256,-11.885013,-25.845211
91754,,3.17,-1.158,-0.107,12.937936,-64.083559,-33.297761
91756,,4.19,2.773,0.483,3.560021,-17.631081,6.741603
91801,,4.83,0.366,1.199,13.941698,-68.411541,35.056839
91874,,4.34,2.036,0.148,5.592547,-26.87472,9.015438
91888,,4.22,-3.023,1.087,57.215132,-274.025425,-23.250298
92133,Sheliak,3.52,-3.829,0.003,53.40884,-240.514817,162.223134
92225,,4.63,-0.472,1.185,11.825931,-52.050358,90.213524
92319,,4.22,-3.99,-0.15,46.22288,-199.350966,-387.929889
92399,,4.92,-0.808,0.903,20.385014,-86.19141,108.242134
92471,Ainalrami,4.86,-2.828,1.412,74.467326,-309.170538,-133.319898
92492,,4.82,-0.296,1.151,7.953288,-32.876473,99.914948
92502,,4.22,-2.548,1.575,42.527743,-175.43781,135.530509
92527,,4.57,-1.233,0.782,31.602936,-129.768194,55.719384
92554,,5,0.38,1.348,18.454088,-75.246341,-32.363461
92564,Nunki,2.05,-2.17,-0.134,14.950858,-60.794062,-30.937099
92571,,4.08,-0.725,1.397,15.73619,-63.903742,63.435052
92654,Alya,4.62,1.24,0.161,11.483943,-45.872196,3.475585
92659,Alya B,4.98,1.402,0.204,12.587009,-50.255684,3.806479
92723,,4.4,-1.529,0.53,14.597349,-57.529297,-141.425058
92733,,4.83,0.867,1.057,15.206379,-59.808358,-6.318797
92793,,3.52,-1.726,1.151,26.037848,-101.172397,-40.325267
92855,,4.85,-1.516,-0.051,28.531786,-109.412352,-149.716796
92881,,4.83,2.431,0.396,6.100734,-23.286509,-18.210673
92902,Sulafat,3.25,-3.145,-0.049,40.69872,-154.738921,102.67804
92951,,4.02,0.636,1.082,11.79959,-44.328509,12.35001
92987,,4.94,-2.711,1.465,74.302034,-277.232391,180.363117
93115,,5,2.133,0.186,6.771591,-24.651517,27.352282
93136,,4.02,0.796,1.079,11.675164,-42.328374,-4.412978
93213,Ascella,2.6,0.44,0.062,6.326274,-22.577554,-13.471863
93248,,4.74,0.878,-0.027,11.946382,-42.277742,-39.689849
93388,,3.76,0.565,1.012,11.267032,-38.85539,-16.133344
93452,Okab,2.99,0.961,0.014,6.95881,-23.716532,6.099966
93510,,3.43,0.536,-0.096,10.770638,-36.216543,-3.227659
93530,,4.23,3.039,0.523,3.945759,-13.231884,-10.428815
93569,,3.32,0.462,1.169,9.508483,-31.623153,-17.31506
93710,,4.57,0.879,1.07,12.229963,-39.785308,-35.544936
93819,Meridiana,4.11,1.187,0.042,9.052029,-28.941534,-23.610478
93846,Albaldah,2.88,-3.089,0.377,43.714239,-139.143552,-56.055078
93865,,4.1,-1.712,1.163,33.816393,-107.204136,-92.141229
94081,Altais,3.07,0.694,0.99,3.534238,-10.788301,27.627312
94186,Aladfar,4.43,-3.715,-0.15,104.385585,-313.073293,268.637487
94195,,5,1.477,1.156,8.57898,-25.669979,42.821987
94348,,4.86,0.053,0.569,26.782195,-78.290753,-39.036853
94352,,4.45,1.19,1.257,4.161675,-12.163752,43.002444
94408,,4.76,-2.219,-0.058,75.616041,-218.93028,90.726612
94418,,4.35,-2.684,1.258,65.631893,-189.618553,157.52507
94484,,3.8,0.897,0.95,7.497777,-21.43943,30.547504
94525,,4.88,-0.967,1.013,46.423708,-131.763665,-47.975072
94771,,4.98,1.607,0.937,16.204706,-44.192747,-4.462499
94786,,4.6,0.369,0.033,9.950368,-27.092377,63.965175
94873,,3.92,0.969,0.228,12.926473,-34.724544,-11.929933
94881,,4.52,-4.168,0.079,183.411949,-492.34429,-150.209092
94946,Arkab Prior,3.96,-0.955,-0.085,24.213622,-64.216561,-67.345884
94999,Arkab Posterior,4.27,1.199,0.35,10.367344,-27.285432,-28.985346
95052,Rukbat,3.96,0.229,-0.105,15.143928,-39.50987,-36.286833
95077,,4.99,-2.071,-0.12,80.615025,-209.663862,127.717111
95207,,3.36,2.405,0.319,5.650026,-14.436012,0.843584
95289,,4.64,-5.057,0.576,320.519466,-808.322022,5.138372
95473,Anser,4.44,-0.359,1.502,31.268751,-76.712143,38.040745
95554,,3.76,0.907,0.148,8.790467,-21.299308,29.207404
95648,Albireo,3.05,-2.572,1.088,45.350466,-108.51838,62.430012
95752,,4.74,-2.367,-0.15,84.812094,-200.358656,149.268877
95799,Alsafi,4.67,5.87,0.786,0.784452,-1.840016,5.396152
95927,,4.45,1.858,1.176,13.058329,-30.00016,4.237222
95973,,5,-1.146,-0.093,63.970652,-146.107351,57.339179
96039,,4.88,-0.398,1.096,30.630603,-69.435368,-84.579973
96138,,4.49,3.174,0.395,4.792178,-10.707751,14.090766
96162,,4.59,0.768,-0.075,21.600654,-48.11572,-24.463665
96165,,4.36,-1.034,-0.079,49.101431,-109.356067,-2.692266
96180,,4.93,-3.631,-0.046,209.897982,-466.549626,-63.064577
96377,,4.68,0.121,0.971,29.657091,-64.054037,41.00541
96450,Sham,4.39,-1.186,0.777,52.446573,-112.348474,40.319114
96530,,4.39,-1.258,1.041,54.860279,-116.256022,40.472581
96811,,4.89,0.152,0.948,30.968275,-63.300259,53.789134
96858,Fawaris,2.86,-0.66,-0.002,15.779435,-32.006459,35.8481
96970,Tarazed,2.72,-2.695,1.507,53.215608,-106.431852,22.297682
96981,,4.87,0.851,1.061,26.81435,-53.569015,-21.52133
96986,,5,3.365,0.476,7.908325,-15.787971,11.788652
97056,,3.68,-2.622,1.313,77.993677,-154.087523,57.900217
97124,,3.84,0.556,0.888,6.964788,-13.643765,42.707954
97338,Altair,0.76,2.21,0.221,2.355468,-4.4873,0.790749
97368,,4.9,-1.528,-0.153,83.025513,-157.691194,74.219432
97493,,3.87,-4.265,0.63,199.669191,-373.661462,7.43694
97575,,4.57,-0.485,-0.047,44.487071,-82.396016,41.846629
97627,Libertas,4.71,0.958,1.023,26.612383,-48.887669,8.280414
97721,,4.12,0.389,1.063,20.00728,-36.369941,-37.203168
97725,Alshain,3.71,3.027,0.855,6.563854,-11.925647,1.528534
97744,,4.91,0.23,0.124,25.425469,-46.044014,68.39548
97755,Terebellum,4.7,2.626,0.748,11.280499,-20.384256,-11.514028
97757,,4.95,-3.279,-0.086,167.732556,-303.025518,275.368444
97762,,4.98,-2.263,1.584,70.410013,-127.123777,240.387588
97799,,3.89,0.806,1.019,16.453496,-29.589591,23.780105
97851,,4.54,-2.494,1.462,110.848419,-198.041135,-116.487313
98026,,3.51,-0.985,1.571,36.997433,-64.89161,26.440286
98042,,4.84,-0.073,0.882,42.755999,-74.842869,-42.405153
98101,,4.37,-1.637,-0.15,64.765423,-112.475668,-91.815589
98184,,3.97,1.43,-0.032,4.754832,-8.186656,-30.794025
98232,,4.66,0.359,0.184,32.330025,-55.381221,33.744109
98298,,4.95,-0.868,1.356,37.617287,-64.023795,-125.441295
98375,,4.43,-1.262,1.64,62.107193,-104.748215,-63.960733
98389,,4.51,-1.083,1.313,25.272265,-42.555784,121.728524
98448,,4.77,-0.483,1.417,45.491792,-76.04313,-69.083591
98527,,4.99,0.24,1.208,38.996702,-64.692445,-47.304087
98804,,4.93,-2.67,1.591,105.437453,-169.74555,-264.033901
98924,,3.55,4.62,0.751,1.313772,-2.087713,-5.587991
98939,,4.38,-0.543,-0.046,10.954137,-17.379882,94.313317
98986,,4.93,-2.578,-0.139,135.974862,-214.620058,190.341877
99156,,3.24,-1.477,-0.066,47.588681,-73.769106,-1.258706
99320,,4.8,-1.562,0.1,70.407065,-107.081758,136.545862
99336,,4.28,0.837,0.114,14.789098,-22.47197,40.748751
99356,,3.8,-3.365,1.27,102.254717,-155.030652,197.362343
99423,,4.94,1.627,0.072,24.533517,-36.968946,12.052766
99451,,4.93,1.778,0.151,18.93548,-28.464099,25.581078
99505,,4.79,-2.624,-0.181,152.562751,-227.755924,131.294561
99529,,3.96,-3.597,1.451,121.738655,-181.384936,240.194033
99554,,4.5,-0.582,1.258,51.282167,-76.194551,48.453459
99706,,4.3,-1.909,0.928,96.287073,-140.560798,-37.797433
99723,,4.77,-15.23,0.377,44552.936147,-64954.352047,61611.427632
99743,Algedi,3.58,1.024,0.883,17.945333,-26.097385,-7.047505
99985,Alshat,4.77,0.32,-0.047,43.612148,-61.902343,-17.146901
100020,Dabih,3.05,-1.954,0.79,55.920163,-79.116953,-25.564218
100128,Sadr,2.23,-6.518,0.673,249.318228,-348.795593,363.040966
100260,,4.43,0.008,1.331,38.085495,-52.487418,40.822262
100425,Peacock,1.94,-1.755,-0.118,17.850262,-24.200974,-45.841245
100701,,4.77,2.365,0.386,17.427785,-22.947733,-9.2592
100750,,4.01,-2.853,0.404,123.449711,-161.764331,119.235866
100767,,4.21,1.102,0.199,11.538446,-15.094197,37.278593
100775,,4.91,0.974,1.16,37.179947,-48.607366,-3.084593
100812,,4.94,-2.285,-0.087,111.394275,-145.094477,210.07079
101095,Aldulfin,4.03,-0.998,-0.123,61.580495,-77.965441,19.858319
101148,,4.61,-5.031,1.593,430.589579,-541.795293,489.116345
101263,,4.64,0.494,0.12,40.925879,-50.85202,17.09324
101285,,4.75,2.53,0.291,8.571694,-10.624832,-24.209317
101365,,4.91,-3.092,1.606,251.457146,-308.516947,-17.725279
101442,Rotanev,3.64,1.188,0.425,18.994041,-23.134214,7.794139
101445,,3.11,0.714,0.998,12.976855,-15.802893,-22.152943
101446,,4.86,1.038,0.447,17.590562,-21.417286,-51.108529
101519,,4.31,-0.763,0.949,65.883837,-79.683729,-1.994498
101539,,4.81,0.542,-0.03,42.445603,-51.252204,25.813199
101629,Sualocin,3.77,-0.685,-0.057,48.015095,-57.406003,21.335542
101767,Deneb,1.25,-6.932,0.092,197.250632,-232.113407,307.600832
101950,,4.43,0.253,0.302,43.241717,-49.981753,17.801271
102002,,4.51,2.593,0.278,9.78249,-11.249611,-19.027319
102057,,4.92,-0.071,1.183,59.35045,-67.750673,42.51946
102064,,3.42,0.334,0.163,11.018527,-12.568841,-37.903223
102091,,3.41,2.639,0.912,4.44524,-5.055924,12.575933
102100,,4.52,2.34,0.535,9.664508,-10.986162,23.038483
102122,,4.22,0.27,1.051,35.06106,-39.747089,31.494379
102154,,4.13,3.297,0.426,8.799322,-9.937473,-6.266031
102157,Aljanah,2.48,0.739,1.021,12.262597,-13.834612,12.455654
102201,,4.27,1.33,1.042,24.733436,-27.794763,10.756074
102240,,4.93,-0.744,1.294,75.044759,-83.948328,77.024999
102258,,4.53,-2.333,-0.083,126.511034,-141.235517,140.257577
102287,Albali,3.78,-0.241,0,41.969653,-46.744809,-10.507937
102293,,4.43,-1.841,1.639,119.516375,-133.042786,-15.733799
102393,,4.81,-4.459,0.571,332.83026,-366.616188,514.801477
102459,,4.9,-0.612,1.494,59.015725,-64.696943,-91.403048
102500,,4.89,-0.432,1.004,65.133632,-71.100794,-64.501268
102647,,4.12,-2.941,1.633,157.000892,-168.625944,-116.985158
102673,,4.56,0.75,0.835,35.115833,-37.614991,26.329381
102714,,4.73,1.314,0.325,32.579072,-34.73754,-7.528766
102758,,4.8,-1.235,-0.134,78.938613,-83.734012,112.641498
102895,,3.67,-2.696,1.25,67.818551,-70.96183,-159.891518
103081,,3.94,-1.36,0.027,60.355787,-61.863108,75.574805
103300,,4.74,-3.451,-0.084,207.46128,-207.776645,320.662751
103406,,4.67,0.438,0.89,42.228148,-41.75506,-37.481056
103684,,4.82,1.347,0.169,33.551285,-32.285712,-16.81399
103725,,3.72,-3.341,1.609,134.394395,-128.732159,179.263939
103804,,4.08,0.597,-0.01,34.443471,-32.700737,-14.731739
103859,,4.56,-2.942,1.569,155.026624,-146.343339,233.868415
103899,,4.49,-1.238,1.604,92.369811,-86.795805,-59.120502
104122,,4.5,1.056,0.926,35.252969,-32.418434,-9.632275
104184,,4.7,1.901,0.262,26.379939,-24.10051,6.385059
104394,,3.21,-0.001,0.99,28.278409,-25.25354,22.089851
104520,,4.47,3.136,0.529,13.660962,-12.035259,3.212549
104549,,3.74,2.198,0.393,12.034413,-10.573279,12.536148
104649,Kitalpha,3.92,0.09,0.549,43.818116,-38.149671,5.336289
104764,,4.22,-5.515,0.098,518.89819,-445.473153,561.644945
104800,,4.41,-2.061,-0.103,122.732539,-104.899517,112.618423
104802,,4.71,0.974,0.07,35.949472,-30.720552,-29.746948
104861,Alderamin,2.45,1.564,0.257,5.276111,-4.483201,13.348778
104979,,4.39,1.984,0.191,13.809188,-11.601,-24.32855
105041,,4.8,0.893,0.029,35.152421,-29.298107,-39.513055
105162,,4.08,0.684,1.108,34.696699,-28.579725,16.187628
105175,,4.28,0.378,0.888,44.584575,-36.672187,-17.467386
105519,,4.21,4.377,0.494,3.025799,-2.397286,-8.418648
105540,,3.77,-1.593,1.002,85.717547,-67.776385,-45.065401
105691,Alfirk,3.23,-3.382,-0.201,55.219515,-42.886719,198.108029
105698,,4.5,0.901,0.889,38.479425,-29.868324,-19.490179
105798,,4.52,-0.89,1.618,87.760474,-67.372469,48.426252
105936,Sadalsuud,2.9,-3.184,0.828,130.759282,-98.929336,-15.993766
106139,,3.98,1.087,0.885,21.314004,-15.774287,27.069852
106210,,4.87,0.615,1.085,44.739104,-32.87133,44.213932
106381,,4.51,-3.04,-0.18,247.694778,-178.182639,-107.847055
106444,Bunda,4.68,0.988,0.175,44.13209,-31.551274,-7.483694
106459,,4.76,-15.24,0.246,38108.12454,-27202.234555,88361.808809
106642,Nashira,3.69,0.277,0.32,37.793496,-26.44095,-13.804954
106746,,3.73,2.098,1.008,3.808297,-2.630174,-20.688835
106776,,4.55,0.812,1.108,14.765451,-10.155456,52.979213
106795,Azelfafage,4.69,-3.928,-0.119,273.366682,-187.713963,412.287993
106845,,4.72,-0.055,0.868,70.458675,-48.127443,-29.157898
106916,,4.23,-15.77,2.242,42908.717258,-29076.600569,85518.379993
106967,,4.49,2.755,0.512,16.170769,-10.892651,10.693308
106972,Enif,2.38,-4.246,1.52,172.769915,-116.330918,36.25782
107005,,4.34,-2.927,1.161,225.143738,-151.131247,84.718188
107011,,4.14,1.468,0.425,25.625802,-17.179996,14.811538
107037,,4.35,0.367,-0.053,43.645415,-29.177583,-34.127517
107075,,4.25,-15.75,0.474,40209.487965,-26753.385001,87563.996203
107190,,4.23,-3.421,-0.12,184.716111,-121.343324,257.031565
107213,Deneb Algedi,2.85,2.478,0.18,9.534405,-6.248606,-3.296196
107742,Aldhanab,3,-1.055,-0.084,43.853581,-26.892269,-39.28078
108086,,4.4,0.595,0.297,28.500475,-16.801816,-47.236403
108526,,4.69,6.895,1.056,1.732589,-0.966715,-3.030307
108528,,4.74,-0.888,-0.1,116.494982,-65.030775,-5.021272
108573,Kurhah,4.26,1.904,0.379,11.085515,-6.15803,26.739992
108722,,4.86,0.258,1.443,72.833145,-39.677279,7.341645
108728,Sadalmelik,2.95,-3.078,0.969,140.987693,-76.722268,-0.896054
108765,,4.47,0.117,1.349,50.325213,-27.291744,-47.265364
108793,,4.29,0.64,-0.075,45.86867,-24.791487,-12.874003
108830,,3.77,3.424,0.435,9.335368,-5.015491,5.019565
108922,Alnair,1.73,-0.725,-0.07,18.672505,-9.904001,-22.635193
108939,,4.5,1.402,0.054,30.872906,-16.349212,-22.676862
108943,,4.99,-0.58,1.499,95.234327,-50.406849,-72.799456
109054,,4.79,-0.622,0.919,32.521719,-16.964526,115.221156
109064,,4.28,-0.253,0.471,59.869583,-31.170316,44.132705
109076,,4.94,3.63,0.489,13.670951,-7.105556,-9.83382
109081,Biham,3.52,1.261,0.086,24.963846,-12.967714,3.054948
109146,,3.39,-3.655,1.558,120.077626,-61.940455,217.924077
109408,,4.5,-1.35,1.385,101.809342,-50.82749,94.52187
109511,,4.18,2.089,0.278,12.783283,-6.301488,21.982833
109562,,4.79,0.162,0.79,56.798164,-27.820419,-55.654028
109591,,4.14,-2.259,1.447,135.358669,-66.041055,116.609456
109657,Ancha,4.17,0.373,0.979,51.269356,-24.775209,-7.783126
109784,,2.87,-1.065,1.39,27.447381,-13.018072,-53.171301
110005,,4.55,-1.603,-0.1,106.247601,-48.966326,123.437598
110025,,4.78,-1.864,-0.01,170.55174,-78.334781,101.184951
110040,,4.82,-3.664,-0.132,442.059074,-202.581995,105.180739
110049,Sadachbia,3.86,0.356,-0.057,45.635919,-20.880207,-1.215412
110192,,4.42,0.835,1.015,29.133552,-13.038111,41.191488
110263,,4.55,-4.643,0.092,409.779602,-181.340137,524.233161
110326,,4.8,-2.099,-0.171,219.552367,-96.288728,5.764477
110492,,4.51,0.08,-0.029,29.925359,-12.805506,-69.696999
110536,,4.78,1.491,1.039,41.709159,-17.734844,3.72278
110614,,3.65,1.401,0.406,25.969719,-10.912416,-0.009819
110645,,4.07,-3.048,0.778,128.159892,-53.629433,225.959019
110650,,3.97,-0.916,1.022,63.502865,-26.541175,-65.303513
110675,,4.34,-4.177,1.679,313.72288,-130.702078,373.59188
110696,,4.12,-0.906,1.57,67.519535,-28.05134,-69.990239
110757,,4.52,-4.086,-0.086,355.219533,-146.251994,359.77449
110776,,4.82,0.078,-0.053,80.722934,-33.169888,-16.455466
110822,,3.76,1.271,0.031,18.613691,-7.587422,24.196371
110841,,4.29,1.083,0.011,34.265767,-13.930345,-23.425222
110961,,4.91,0.164,1.612,38.817291,-15.486322,-78.541021
111147,,4.04,0.482,-0.083,47.99624,-18.578858,-0.105543
111323,,4.64,1.034,0.254,30.627298,-11.546584,41.215794
111489,,4.89,-3.728,-0.207,385.660924,-141.778467,333.334309
111591,,4.5,-0.544,1.318,68.709152,-24.83361,71.236583
111601,,4.18,-1.69,-0.105,125.047058,-45.108691,-67.860991
111676,Homam,3.41,-0.575,-0.086,57.962157,-20.678728,11.774377
111698,,4.8,-0.009,-0.013,75.245294,-26.735649,44.825936
111768,Tiaki,2.07,-1.602,1.61,34.993484,-12.277259,-39.608199
111804,Matar,2.93,-1.158,0.852,53.59916,-18.717064,33.070991
111849,,4.84,0.595,1.027,50.03923,-17.352188,-46.716271
111857,,4.68,-0.936,1.358,118.772577,-41.13611,-42.864267
112018,,4.84,-0.683,1.18,71.727719,-24.128117,-102.272256
112050,,4.13,0.827,0.208,6.504421,-2.174504,-45.250032
112084,,3.97,-1.276,1.07,97.414069,-32.34337,44.770388
112090,,4.2,3.139,0.502,15.122785,-5.009216,3.436474
112160,,4.77,-0.143,1.257,10.882454,-3.563012,95.376284
112263,,3.49,0.506,0.083,23.513371,-7.577057,-30.854309
112357,,4.05,-0.892,1.57,90.21252,-28.620692,-22.883854
112364,,3.5,0.758,1.053,13.598133,-4.30834,32.34218
112389,Sadalbari,3.51,0.949,0.933,28.209183,-8.893887,13.542862
112557,,4.95,-0.043,1.559,69.377949,-21.199742,68.392326
112588,,4.46,0.361,-0.037,53.085686,-16.096898,-35.853148
112601,,3.73,-1.631,1.626,112.009754,-33.916636,-15.573012
112756,,4.7,-0.488,1.418,10.306597,-3.032609,108.520824
112776,Skat,3.27,-0.191,0.066,45.459019,-13.325406,-13.423467
112826,,4.91,0.006,-0.003,90.811562,-26.37122,14.666464
112886,,4.2,0.828,0.952,38.294356,-10.990075,-25.419746
112928,,4.99,-3.462,1.778,304.725766,-86.755537,374.042528
113008,Fomalhaut,1.17,1.737,0.145,6.450517,-1.799476,-3.807757
113278,,4.11,1.493,0.96,19.533046,-5.153542,-26.570247
113366,,3.62,-2.997,-0.099,150.676276,-39.022904,141.757338
113521,Scheat,2.44,-1.454,1.655,51.433435,-12.877612,28.290136
113529,Fumalsamakah,4.48,-1.007,-0.115,121.152668,-30.275882,8.338293
113559,,4.64,0.971,1.058,33.75615,-8.387722,41.528947
113603,Markab,2.49,-0.568,-0.002,38.311434,-9.417123,10.722722
113743,,4.84,-2.856,-0.06,171.281673,-40.636373,297.895304
113757,,4.48,0.372,0.892,59.065055,-13.994841,-26.700102
113770,,4.28,1.246,0.423,28.53779,-6.735685,-27.845269
113783,,4.54,-0.477,1.559,96.803108,-22.792177,16.480786
113794,,4.76,-1.534,1.285,159.508154,-37.476686,78.04182
113861,,4.41,0.016,0.802,18.592192,-4.301103,73.196097
113980,,3.68,-0.915,1.202,75.510914,-16.931759,-29.973162
114013,,4.71,-1.235,0.674,139.44076,-30.96754,-59.041698
114059,,3.88,0.132,0.998,38.629453,-8.500488,-39.895777
114208,,4.53,2.576,0.302,15.657659,-3.288881,18.670848
114362,,4.22,0.26,1.545,60.393261,-12.198628,-6.529062
114493,,4.24,0.929,1.107,44.520534,-8.675776,-7.255216
114577,,4.93,-1.44,1.613,182.971432,-34.863134,-25.271516
114609,,3.7,0.568,0.916,41.496215,-7.847237,2.421966
114634,,3.99,2.176,0.41,11.929297,-2.241691,-19.60403
114660,,4.82,-1.367,1.668,111.354244,-20.766915,130.377297
114670,,4.41,-1.042,-0.144,119.529341,-22.20547,-19.652688
114727,,4.75,0.779,0.836,22.835788,-4.167994,57.777604
114740,,4.41,0.674,1.109,46.342019,-8.416758,-30.043133
114753,,4.99,0.469,-0.022,77.802657,-14.082589,-13.388422
114887,Salm,4.58,1.104,0.18,44.715629,-7.756411,19.960021
115073,,3.96,0.461,1.082,46.435798,-7.568697,-17.217874
115225,,4.96,-1.95,1.676,110.757542,-17.127515,213.313986
115258,Alkarab,4.42,0.83,0.617,47.401961,-7.215479,20.75302
115304,,4.38,-0.315,1.46,80.412869,-12.001128,-30.628032
115376,,4.95,1.587,0.036,46.55861,-6.764661,1.031187
115465,,4.27,0.978,1.062,44.814124,-6.304546,5.059407
115554,,4.54,0.893,0.939,51.82195,-7.01698,11.843245
115626,,4.89,-1.509,-0.122,98.536357,-12.958414,162.492475
115865,,4.38,0.744,-0.095,41.860861,-4.959933,-32.719276
115881,,4.7,-0.071,0.02,83.507895,-9.78146,-32.130963
115944,,4.97,-1.161,1.383,142.881771,-16.308926,87.524488
116023,,4.69,0.278,0.078,55.802714,-6.092649,-51.645428
116218,,3.81,1.701,0.984,18.103691,-1.77795,19.141071
116236,,4.74,0.8,0.082,42.83208,-4.152573,-43.77891
116265,,4.29,-1.635,-0.083,111.002171,-10.621481,104.963685
116361,Errai,3.21,2.464,1.031,3.008186,-0.271815,13.774751
116392,,4.97,1.773,0.257,42.091623,-3.722431,-10.709792
116405,,4.13,3.444,0.507,13.595494,-1.192399,1.34449
116439,,4.15,0.586,-0.071,36.792238,-3.152838,36.078346
116535,,4.82,-2.23,0.822,243.966266,-19.453971,-78.655541
116562,,4.49,1.918,0.2,32.57453,-2.556983,1.015452
116605,,4.49,1.198,-0.032,43.952667,-3.319784,-11.436173
116706,,4.93,0.743,0.935,59.794903,-4.183514,33.72195
116854,,4.97,-2.471,1.086,211.717898,-12.917595,222.897019
116878,,4.95,-2.25,2.508,274.487661,-16.317261,16.754489
116934,,4.88,1.245,1.122,27.701517,-1.566024,45.547715
117085,,4.59,1.466,0.001,37.119774,-1.795041,-19.868511
117495,,4.51,-15.49,1.19,53714.738509,-1316.542429,84338.564761
117754,,5,1.619,0.06,20.572355,-0.216822,-42.745193
117763,,4.63,-1.192,1.584,132.14869,-1.292351,62.022416
117841,,4.88,0.597,0.93,71.751083,-0.415466,-4.458933
117875,,4.88,-15.12,-0.071,56272.856561,-243.331549,82663.815427
117900,,4.03,1.505,0.419,31.760437,-0.095415,3.822824
117954,,4.49,-0.802,-0.075,47.307584,-0.017275,-104.178453
118360,,0.96,0.401,,1.689045,8.828648,9.308413
118485,Castor B,2.85,1.856,,-5.383676,12.292323,8.349873
118562,,5,3.059,,-9.299716,10.632594,-19.956473
118632,,4.65,3.308,,-11.226498,8.559845,-12.042884
118742,Alula Australis,4.33,4.241,0.59,-8.73089,1.610966,5.446747
118743,Alula Australis B,4.8,4.711,,-8.730989,1.610983,5.446808
118838,,3.52,3.155,,-11.630574,-2.137246,-0.299172
118887,,3.95,2.035,0.13,-12.960884,-4.971592,19.766651
119058,Graffias,4.84,2.909,0.45,-11.530023,-20.879358,-4.798287
119059,,5,3.069,,-11.530091,-20.87948,-4.798316
119131,,3.4,1.342,,-5.334832,-24.247587,-6.991291
119259,,5,3.737,,4.078969,-13.679989,-10.782412
